Name	GR
YDR442W	0.483
YPL045W	0.422
YNL236W	0.400
YNL025C	0.390
YGR063C	0.388
YJL183W	0.379
YGL035C	0.379
YJL117W	0.379
YNL111C	0.377
YKR096W	0.376
YGL181W	0.376
YHR075C	0.375
YKR103W	0.374
YKL202W	0.373
YHR146W	0.373
YOR216C	0.372
YGR227W	0.370
YPL248C	0.370
YNR010W	0.370
YBR014C	0.369
YHR161C	0.369
YNL106C	0.368
YOL155C	0.368
YBR078W	0.368
YDR200C	0.368
YPL070W	0.368
YJL166W	0.368
YBR020W	0.367
YNL084C	0.367
YOR255W	0.367
YPR167C	0.367
YJR059W	0.367
YHL023C	0.366
YJL020C	0.366
YGL164C	0.366
YJL065C	0.366
YJR048W	0.366
YOR061W	0.366
YLR056W	0.366
YGL151W	0.366
YGR136W	0.365
YMR081C	0.365
YML005W	0.365
YHR171W	0.365
YPR119W	0.365
YPR128C	0.364
YNL001W	0.364
YCL046W	0.364
YCR076C	0.364
YML008C	0.364
YBR016W	0.364
YJL199C	0.364
YFL048C	0.364
YHR106W	0.363
YBR134W	0.363
YLR054C	0.363
YPL006W	0.363
YOR161C	0.363
YDL019C	0.363
YLR177W	0.363
YPL069C	0.363
YLL020C	0.363
YKR023W	0.362
YNL167C	0.362
YOR178C	0.362
YJL077C	0.362
YOR348C	0.362
YER161C	0.362
YNL224C	0.362
YLR023C	0.362
YLR111W	0.361
YPR070W	0.361
YJR049C	0.361
YDR179C	0.361
YLL059C	0.361
YJL119C	0.361
YOR304C-A	0.361
YDR395W	0.361
YDL198C	0.361
YLL019C	0.361
YOR170W	0.361
YNL105W	0.361
YMR144W	0.361
YKL091C	0.360
YLR181C	0.360
YNR030W	0.360
YDR507C	0.360
YOR233W	0.360
YJR031C	0.359
YLR065C	0.359
YDR514C	0.359
YJL201W	0.359
YCR073W-A	0.359
YOR156C	0.359
YNL311C	0.359
YAL042W	0.359
YKR056W	0.359
YOR113W	0.359
YGR107W	0.359
YDR111C	0.359
YOR328W	0.359
YKR102W	0.359
YDL156W	0.359
YKR073C	0.359
YKR046C	0.358
YHR086W	0.358
YMR214W	0.358
YML051W	0.358
YGR064W	0.358
YLR110C	0.358
YBR177C	0.358
YPL200W	0.358
YDL101C	0.358
YOL093W	0.358
YDL201W	0.358
YJR056C	0.358
YKL034W	0.358
YPL222W	0.358
YJL211C	0.357
YFL049W	0.357
YLR104W	0.357
YOR286W	0.357
YAL029C	0.357
YPL048W	0.357
YJL210W	0.357
YMR226C	0.357
YCR034W	0.357
YOR047C	0.357
YGL082W	0.357
YBR169C	0.357
YGR121C	0.357
YIL111W	0.357
YJL070C	0.357
YPL149W	0.357
YJL042W	0.357
YML019W	0.357
YPL196W	0.357
YOR242C	0.356
YGL043W	0.356
YEL052W	0.356
YNL054W	0.356
YBL054W	0.356
YPL206C	0.356
YLR364W	0.356
YPL201C	0.356
YKR072C	0.356
YDL096C	0.356
YAL043C-a	0.356
YIR013C	0.356
YLR412W	0.356
YDL023C	0.356
YOR277C	0.356
YJL214W	0.356
YDL224C	0.356
YBR015C	0.356
YCR089W	0.356
YAR002C-A	0.356
YPR133W-A	0.356
YDR026C	0.356
YOR201C	0.356
YOR171C	0.355
YGR137W	0.355
YAL067C	0.355
YDR203W	0.355
YCL061C	0.355
YKL096W-A	0.355
YNL210W	0.355
YPR199C	0.355
YGR268C	0.355
YNL160W	0.355
YBR178W	0.355
YFR030W	0.355
YJR044C	0.355
YDL037C	0.355
YAL068C	0.355
YDR346C	0.355
YKL073W	0.355
YJL078C	0.355
YPL185W	0.355
YOR163W	0.355
YIL040W	0.355
YOR162C	0.355
YNL023C	0.355
YDL223C	0.355
YBR185C	0.355
YPR077C	0.355
YKL041W	0.355
YOR349W	0.355
YJL094C	0.355
YJL053W	0.355
YIL107C	0.355
YNR032W	0.355
YLR289W	0.354
YLR407W	0.354
YAL062W	0.354
YIR020C	0.354
YPR003C	0.354
YBR032W	0.354
YLR057W	0.354
YGL077C	0.354
YKR029C	0.354
YOR276W	0.354
YPL229W	0.354
YPL265W	0.354
YNL273W	0.354
YPL068C	0.354
YOR231W	0.354
YMR080C	0.354
YDR309C	0.354
YGR133W	0.354
YOR223W	0.354
YCR005C	0.354
YEL024W	0.354
YBR013C	0.354
YNR021W	0.354
YBR225W	0.354
YKL027W	0.354
YNL024C	0.354
YGR044C	0.354
YIL099W	0.354
YGR052W	0.354
YPL230W	0.354
YOL105C	0.354
YPR058W	0.354
YBR272C	0.354
YOL062C	0.354
YGR108W	0.354
YCR088W	0.354
YBR125C	0.354
YPR038W	0.353
YML119W	0.353
YOR246C	0.353
YEL027W	0.353
YDR214W	0.353
YPL015C	0.353
YPL223C	0.353
YJL181W	0.353
YBR008C	0.353
YKL009W	0.353
YKL025C	0.353
YDR505C	0.353
YER093C-A	0.353
YLR081W	0.353
YBR180W	0.353
YOR107W	0.353
YMR163C	0.353
YKL007W	0.353
YKR034W	0.353
YJL093C	0.353
YJL191W	0.353
YHR080C	0.353
YPL244C	0.353
YDR349C	0.353
YJR039W	0.353
YNL281W	0.353
YNL009W	0.353
YOL059W	0.353
YKR035C	0.353
YPL100W	0.353
YJL100W	0.353
YOR195W	0.353
YDL010W	0.352
YPL161C	0.352
YNL021W	0.352
YJR037W	0.352
YLR408C	0.352
YJL064W	0.352
YJL179W	0.352
YDR178W	0.352
YNL235C	0.352
YIL163C	0.352
YOR186W	0.352
YPL053C	0.352
YDR036C	0.352
YDR121W	0.352
YPR062W	0.352
YPL269W	0.352
YOR239W	0.352
YPL227C	0.352
YIL128W	0.352
YML004C	0.352
YLR012C	0.352
YGR109C	0.352
YOL107W	0.352
YLR013W	0.352
YDR009W	0.352
YJL105W	0.352
YGL251C	0.352
YHR105W	0.352
YNL003C	0.352
YOR298W	0.352
YOR245C	0.352
YOR173W	0.352
YHR206W	0.352
YBR059C	0.352
YLR405W	0.352
YDL135C	0.352
YOR247W	0.352
YJL141C	0.351
YDL009C	0.351
YAR023C	0.351
YPL159C	0.351
YMR250W	0.351
YKR027W	0.351
YNL304W	0.351
YGR143W	0.351
YGR053C	0.351
YDR122W	0.351
YBR200W	0.351
YCL076W	0.351
YDR109C	0.351
YPL221W	0.351
YDR268W	0.351
YIL113W	0.351
YIR017C	0.351
YIL006W	0.351
YLR365W	0.351
YIL043C	0.351
YOR357C	0.351
YKL190W	0.351
YBL039C	0.351
YLL038C	0.351
YOR266W	0.351
YAR044W	0.351
YDR154C	0.351
YKL163W	0.351
YGR132C	0.351
YAL066W	0.351
YNL284C	0.351
YMR297W	0.351
YIR003W	0.351
YDR153C	0.351
YOL061W	0.351
YML030W	0.351
YGL141W	0.351
YEL038W	0.351
YLR267W	0.351
YHR049W	0.351
YOL125W	0.351
YOR129C	0.351
YOR380W	0.351
YPR023C	0.351
YOR108W	0.351
YEL042W	0.351
YOR378W	0.351
YPL219W	0.350
YOR386W	0.350
YPR151C	0.350
YCR092C	0.350
YEL025C	0.350
YDR046C	0.350
YPL202C	0.350
YDL054C	0.350
YKL020C	0.350
YJR094C	0.350
YNR075W	0.350
YIL159W	0.350
YDL146W	0.350
YFR025C	0.350
YGL057C	0.350
YPL087W	0.350
YJR036C	0.350
YNL280C	0.350
YOR384W	0.350
YPL270W	0.350
YDL011C	0.350
YPL071C	0.350
YDL199C	0.350
YMR302C	0.350
YMR315W	0.350
YLR247C	0.350
YMR044W	0.350
YCL051W	0.350
YJL170C	0.350
YBR023C	0.350
YBL101C	0.350
YDR222W	0.350
YDR152W	0.350
YIR043C	0.350
YML118W	0.350
YJR062C	0.350
YLR330W	0.350
YGR045C	0.350
YML018C	0.350
YPL054W	0.350
YDL239C	0.350
YOR243C	0.350
YBR212W	0.350
YGL094C	0.350
YMR053C	0.349
YBR184W	0.349
YML066C	0.349
YKL166C	0.349
YIR038C	0.349
YMR178W	0.349
YCL047C	0.349
YOL056W	0.349
YML007W	0.349
YDL110C	0.349
YGR142W	0.349
YOR037W	0.349
YBL065W	0.349
YOR264W	0.349
YDR216W	0.349
YIR039C	0.349
YPR129W	0.349
YIR014W	0.349
YHR076W	0.349
YBL044W	0.349
YDR253C	0.349
YGR001C	0.349
YMR159C	0.349
YBR232C	0.349
YBR096W	0.349
YDR320C	0.349
YOR307C	0.349
YDR056C	0.349
YJR084W	0.349
YLR456W	0.349
YLR248W	0.349
YIL135C	0.349
YOR320C	0.349
YLR329W	0.349
YBR226C	0.349
YOR202W	0.349
YJL110C	0.349
YOR166C	0.349
YKL183W	0.349
YOR299W	0.349
YPL267W	0.349
YLR413W	0.349
YOL060C	0.349
YOR263C	0.349
YOR284W	0.349
YMR303C	0.349
YBL060W	0.349
YJL207C	0.349
YGR269W	0.349
YPL167C	0.349
YDR354W	0.349
YML028W	0.349
YGR054W	0.349
YBR098W	0.349
YOR165W	0.349
YJR153W	0.349
YOR311C	0.349
YOR172W	0.349
YJL013C	0.349
YBL037W	0.349
YPL127C	0.349
YNL010W	0.349
YMR313C	0.349
YFL050C	0.349
YOR059C	0.349
YGL005C	0.349
YDR234W	0.349
YAL005C	0.349
YPR059C	0.349
YDL155W	0.348
YJR054W	0.348
YNR028W	0.348
YPL099C	0.348
YOR066W	0.348
YOR193W	0.348
YOR114W	0.348
YJL138C	0.348
YGR100W	0.348
YOR185C	0.348
YDL161W	0.348
YDR379W	0.348
YMR145C	0.348
YGR088W	0.348
YOR115C	0.348
YOL064C	0.348
YEL031W	0.348
YOR301W	0.348
YKR014C	0.348
YPL145C	0.348
YOR352W	0.348
YDL213C	0.348
YOL129W	0.348
YOR106W	0.348
YBL036C	0.348
YGL153W	0.348
YDR199W	0.348
YCR100C	0.348
YFL054C	0.348
YIL034C	0.348
YBR183W	0.348
YIL035C	0.348
YNR066C	0.348
YBL091C	0.348
YOR230W	0.348
YOR205C	0.348
YLL013C	0.348
YOR303W	0.348
YJR050W	0.348
YPR045C	0.348
YNR065C	0.348
YPL062W	0.348
YDL197C	0.348
YPL192C	0.348
YOR208W	0.348
YMR099C	0.348
YBR186W	0.348
YJR058C	0.348
YIL153W	0.348
YOR316C	0.348
YGL083W	0.348
YOL067C	0.348
YDL138W	0.348
YNR058W	0.348
YGL114W	0.348
YML117W	0.348
YDL128W	0.348
YPR032W	0.348
YPL260W	0.348
YHR150W	0.348
YML009C	0.348
YER111C	0.348
YKL015W	0.348
YPR109W	0.348
YMR316C-A	0.348
YBR294W	0.348
YCR069W	0.348
YFR015C	0.348
YJR096W	0.348
YLR020C	0.348
YOR085W	0.348
YHR061C	0.348
YOR285W	0.348
YBR033W	0.348
YOL065C	0.348
YEL041W	0.348
YDL122W	0.348
YKR035W-A	0.348
YIL134W	0.347
YPR028W	0.347
YAL016W	0.347
YDL018C	0.347
YNL056W	0.347
YIR031C	0.347
YBR280C	0.347
YDR444W	0.347
YOR100C	0.347
YBR111C	0.347
YDR251W	0.347
YML089C	0.347
YBR024W	0.347
YLR404W	0.347
YJL197W	0.347
YJL122W	0.347
YJL178C	0.347
YNL336W	0.347
YGL197W	0.347
YKL086W	0.347
YER140W	0.347
YGR049W	0.347
YOL001W	0.347
YBL090W	0.347
YCR001W	0.347
YMR104C	0.347
YIR020W-B	0.347
YMR083W	0.347
YOR179C	0.347
YIR044C	0.347
YPR046W	0.347
YHR078W	0.347
YDR319C	0.347
YCR083W	0.347
YIR029W	0.347
YML117W-A	0.347
YOR381W	0.347
YDL036C	0.347
YNR019W	0.347
YPL164C	0.347
YDR239C	0.347
YIL131C	0.347
YDR123C	0.347
YOR023C	0.347
YIL057C	0.347
YGL089C	0.347
YCR065W	0.347
YER055C	0.347
YLR096W	0.347
YKR039W	0.347
YLR187W	0.347
YOR237W	0.347
YMR294W-A	0.347
YGL085W	0.347
YPL225W	0.347
YGR207C	0.347
YNL278W	0.347
YML073C	0.347
YDR247W	0.347
YNR006W	0.347
YGL096W	0.347
YBL048W	0.347
YKL061W	0.347
YNL012W	0.347
YPR192W	0.347
YMR090W	0.347
YDR155C	0.347
YPR160W	0.347
YOR188W	0.347
YDL202W	0.347
YKL017C	0.347
YIR007W	0.347
YIL032C	0.346
YPL232W	0.346
YNL029C	0.346
YLL021W	0.346
YNR056C	0.346
YKL174C	0.346
YJR038C	0.346
YNR055C	0.346
YBL055C	0.346
YGL158W	0.346
YLR154C	0.346
YPL061W	0.346
YHR202W	0.346
YBL083C	0.346
YJR019C	0.346
YFL026W	0.346
YJL067W	0.346
YEL048C	0.346
YGR138C	0.346
YLR178C	0.346
YDR446W	0.346
YDL125C	0.346
YOR296W	0.346
YDL214C	0.346
YDL211C	0.346
YLR390W-A	0.346
YBR045C	0.346
YMR245W	0.346
YCL044C	0.346
YCR085W	0.346
YGR168C	0.346
YEL017W	0.346
YDR272W	0.346
YOR016C	0.346
YOR081C	0.346
YER163C	0.346
YPL003W	0.346
YMR087W	0.346
YGR012W	0.346
YPR044C	0.346
YJR052W	0.346
YLR064W	0.346
YPR002W	0.346
YIR024C	0.346
YGR111W	0.346
YGR212W	0.346
YIR027C	0.346
YKL026C	0.346
YCR082W	0.346
YKL198C	0.346
YMR122C	0.346
YFL052W	0.346
YGR224W	0.346
YOR109W	0.346
YJL153C	0.346
YPL067C	0.346
YCR048W	0.346
YNR027W	0.346
YDR035W	0.346
YOR147W	0.346
YGL218W	0.346
YBL069W	0.346
YPR123C	0.346
YOR041C	0.346
YLR137W	0.346
YPL057C	0.346
YBR043C	0.346
YOR053W	0.346
YOL011W	0.346
YCR047C	0.346
YPL257W	0.346
YDL234C	0.346
YJL118W	0.346
YGR122W	0.346
YOR101W	0.346
YMR092C	0.346
YNR074C	0.346
YEL017C-A	0.346
YOR190W	0.346
YEL064C	0.346
YJR001W	0.345
YCR102W-A	0.345
YDR043C	0.345
YMR251W	0.345
YMR210W	0.345
YKL115C	0.345
YBR224W	0.345
YGR165W	0.345
YER060W	0.345
YOR346W	0.345
YAR030C	0.345
YCL036W	0.345
YMR020W	0.345
YGL079W	0.345
YPL073C	0.345
YPL154C	0.345
YMR300C	0.345
YBR205W	0.345
YOR313C	0.345
YDR287W	0.345
YIR034C	0.345
YDL100C	0.345
YCL049C	0.345
YDR022C	0.345
YPL273W	0.345
YPL272C	0.345
YML120C	0.345
YLR011W	0.345
YJR043C	0.345
YBR131W	0.345
YLR211C	0.345
YLR124W	0.345
YJR051W	0.345
YIR037W	0.345
YOR367W	0.345
YJL092W	0.345
YJR005W	0.345
YGR146C	0.345
YOR164C	0.345
YPL050C	0.345
YOL079W	0.345
YNL123W	0.345
YOL020W	0.345
YOR213C	0.345
YPL216W	0.345
YBR042C	0.345
YOR228C	0.345
YOR042W	0.345
YDR186C	0.345
YLR044C	0.345
YKL064W	0.345
YCR095C	0.345
YPL001W	0.345
YBR112C	0.345
YOR248W	0.345
YEL018W	0.345
YIL085C	0.345
YLR360W	0.345
YDR261C	0.345
YDR383C	0.345
YFR026C	0.345
YGL028C	0.345
YML116W	0.345
YKL094W	0.345
YOR005C	0.345
YHR057C	0.345
YLR173W	0.345
YDL113C	0.345
YDR504C	0.345
YDL154W	0.345
YKL031W	0.345
YFL012W	0.345
YGR122C-A	0.345
YAR035W	0.345
YKL098W	0.345
YOR385W	0.345
YPR083W	0.345
YIR025W	0.345
YPL199C	0.345
YBR022W	0.345
YDL109C	0.345
YAL040C	0.345
YKR069W	0.345
YBL085W	0.345
YPL186C	0.345
YPR174C	0.345
YKL033W-A	0.345
YLR003C	0.345
YIL152W	0.345
YGR087C	0.345
YDL123W	0.345
YFL053W	0.345
YBR271W	0.345
YIL120W	0.344
YDR163W	0.344
YOR099W	0.344
YOR368W	0.344
YJL027C	0.344
YER129W	0.344
YBL063W	0.344
YMR221C	0.344
YDR058C	0.344
YGR104C	0.344
YLR028C	0.344
YPL208W	0.344
YOR334W	0.344
YDR209C	0.344
YOL024W	0.344
YDR372C	0.344
YGR101W	0.344
YOR379C	0.344
YMR127C	0.344
YOL063C	0.344
YNR022C	0.344
YDR181C	0.344
YLR414C	0.344
YPL247C	0.344
YNL083W	0.344
YOR344C	0.344
YGR096W	0.344
YFL055W	0.344
YJR095W	0.344
YJL206C	0.344
YPL177C	0.344
YJR034W	0.344
YDR501W	0.344
YOR124C	0.344
YKL050C	0.344
YOR072W	0.344
YOR226C	0.344
YJL149W	0.344
YDR399W	0.344
YIR002C	0.344
YBR188C	0.344
YNL200C	0.344
YOR071C	0.344
YHR139C-A	0.344
YPL114W	0.344
YNL022C	0.344
YDR286C	0.344
YGR161C	0.344
YOL015W	0.344
YPR196W	0.344
YBR286W	0.344
YHR151C	0.344
YER167W	0.344
YGL144C	0.344
YLR109W	0.344
YEL063C	0.344
YOL082W	0.344
YNL196C	0.344
YGL053W	0.344
YKL103C	0.344
YDR517W	0.344
YPR005C	0.344
YDR274C	0.344
YDR029W	0.344
YDR250C	0.344
YHR143W	0.344
YPR198W	0.344
YJL103C	0.344
YBL094C	0.344
YIR028W	0.344
YGR206W	0.344
YGL256W	0.344
YOR321W	0.344
YJR090C	0.344
YMR299C	0.344
YJL200C	0.344
YKL217W	0.344
YDL024C	0.344
YKL043W	0.344
YER059W	0.344
YMR086W	0.344
YOL018C	0.344
YGR011W	0.344
YPL147W	0.344
YIL071C	0.344
YIL136W	0.344
YIL119C	0.344
YNL285W	0.344
YPL077C	0.344
YOR383C	0.344
YOR225W	0.344
YOR220W	0.344
YMR106C	0.344
YPL141C	0.344
YDR217C	0.344
YKR051W	0.344
YBL064C	0.344
YDR329C	0.344
YDL204W	0.344
YDR348C	0.344
YPR007C	0.344
YEL020C	0.343
YNL027W	0.343
YLR333C	0.343
YDR387C	0.343
YDL013W	0.343
YNR057C	0.343
YKL096W	0.343
YIL058W	0.343
YPL166W	0.343
YLR416C	0.343
YOR055W	0.343
YBR228W	0.343
YFR021W	0.343
YKR059W	0.343
YIL094C	0.343
YOR339C	0.343
YGR149W	0.343
YKL011C	0.343
YOL084W	0.343
YDR031W	0.343
YDR297W	0.343
YDR295C	0.343
YBR274W	0.343
YMR181C	0.343
YIL092W	0.343
YKR077W	0.343
YMR244W	0.343
YOR180C	0.343
YHR195W	0.343
YLR176C	0.343
YNL269W	0.343
YPR170C	0.343
YNL063W	0.343
YJR098C	0.343
YNR036C	0.343
YOR121C	0.343
YMR009W	0.343
YLR239C	0.343
YDR294C	0.343
YOR192C	0.343
YGL234W	0.343
YBL028C	0.343
YCR079W	0.343
YIR042C	0.343
YDR357C	0.343
YGR051C	0.343
YDR033W	0.343
YKL029C	0.343
YOR111W	0.343
YOR347C	0.343
YOR324C	0.343
YDR435C	0.343
YKL055C	0.343
YBR204C	0.343
YBR287W	0.343
YPR001W	0.343
YNL328C	0.343
YKR017C	0.343
YLR058C	0.343
YMR304C-A	0.343
YDR192C	0.343
YJL099W	0.343
YBR194W	0.343
YNR024W	0.343
YOR280C	0.343
YJR091C	0.343
YJR004C	0.343
YML029W	0.343
YPR039W	0.343
YGL159W	0.343
YGR050C	0.343
YER062C	0.343
YKL077W	0.343
YFR017C	0.343
YEL062W	0.343
YOR097C	0.343
YER020W	0.343
YOL137W	0.343
YBR197C	0.343
YGL004C	0.343
YDR494W	0.343
YOR045W	0.343
YPL156C	0.343
YOR010C	0.343
YDR130C	0.343
YMR161W	0.343
YKL044W	0.343
YLR152C	0.343
YLR389C	0.343
YOL047C	0.343
YBR227C	0.343
YCR060W	0.343
YML123C	0.343
YIL064W	0.343
YNL201C	0.342
YJR102C	0.342
YMR085W	0.342
YKR003W	0.342
YJL116C	0.342
YAL018C	0.342
YDR312W	0.342
YER050C	0.342
YOR354C	0.342
YKL107W	0.342
YPR004C	0.342
YNL173C	0.342
YLR122C	0.342
YOR002W	0.342
YOR227W	0.342
YPL042C	0.342
YGR208W	0.342
YDR503C	0.342
YKL162C-A	0.342
YGR209C	0.342
YDR402C	0.342
YOR062C	0.342
YDR254W	0.342
YKR066C	0.342
YCR107W	0.342
YEL049W	0.342
YDR221W	0.342
YOR314W	0.342
YGL176C	0.342
YMR003W	0.342
YDR003W	0.342
YOL014W	0.342
YDR210W	0.342
YLR042C	0.342
YDR133C	0.342
YPL236C	0.342
YDL085W	0.342
YEL043W	0.342
YPL253C	0.342
YPR138C	0.342
YBR093C	0.342
YLR063W	0.342
YBR273C	0.342
YIR030C	0.342
YKL051W	0.342
YOR297C	0.342
YDR344C	0.342
YOL141W	0.342
YOR325W	0.342
YLL058W	0.342
YHR181W	0.342
YBR297W	0.342
YPL140C	0.342
YJL066C	0.342
YKL102C	0.342
YMR062C	0.342
YDR034C	0.342
YJL079C	0.342
YCR067C	0.342
YOL017W	0.342
YOL085C	0.342
YBR030W	0.342
YDR536W	0.342
YPR029C	0.342
YLR345W	0.342
YOL092W	0.342
YKL197C	0.342
YKR055W	0.342
YBR065C	0.342
YOR105W	0.342
YOR049C	0.342
YBR182C	0.342
YFL010C	0.342
YBL043W	0.342
YDR518W	0.342
YGL179C	0.342
YPL198W	0.342
YMR306W	0.342
YAL037W	0.342
YBL029W	0.342
YGL175C	0.342
YDR304C	0.342
YDR148C	0.342
YLR227C	0.342
YDL203C	0.342
YDR461W	0.342
YJR009C	0.342
YKL069W	0.342
YOR112W	0.342
YNL187W	0.342
YJL216C	0.342
YPL249C	0.342
YOL031C	0.342
YGR254W	0.342
YEL039C	0.342
YFR016C	0.342
YMR016C	0.342
YKL171W	0.342
YMR311C	0.342
YKL090W	0.342
YHR017W	0.342
YLR206W	0.342
YPR027C	0.342
YGR291C	0.342
YOR011W	0.342
YIL050W	0.342
YML113W	0.341
YLR376C	0.341
YOR317W	0.341
YAR029W	0.341
YDR530C	0.341
YPR054W	0.341
YMR170C	0.341
YDR144C	0.341
YFR020W	0.341
YDL025C	0.341
YMR084W	0.341
YPL155C	0.341
YDL149W	0.341
YPR200C	0.341
YDL218W	0.341
YJR152W	0.341
YPL111W	0.341
YJR124C	0.341
YAR031W	0.341
YLR390W	0.341
YBR261C	0.341
YER048C	0.341
YIR032C	0.341
YKL218C	0.341
YLL030C	0.341
YAR027W	0.341
YMR215W	0.341
YDR291W	0.341
YDR371W	0.341
YDR231C	0.341
YPL133C	0.341
YJR142W	0.341
YBR213W	0.341
YDR316W	0.341
YMR052W	0.341
YDL112W	0.341
YJL204C	0.341
YCR073C	0.341
YBR027C	0.341
YJR120W	0.341
YPL014W	0.341
YLR097C	0.341
YEL033W	0.341
YDR307W	0.341
YDL106C	0.341
YCL074W	0.341
YPL120W	0.341
YKR094C	0.341
YJR003C	0.341
YER116C	0.341
YMR095C	0.341
YDL134C	0.341
YER033C	0.341
YOR019W	0.341
YJL192C	0.341
YMR158W-A	0.341
YDR098C	0.341
YPR146C	0.341
YKR070W	0.341
YOR137C	0.341
YGR151C	0.341
YKR065C	0.341
YDR218C	0.341
YDR143C	0.341
YDL026W	0.341
YNL098C	0.341
YHR191C	0.341
YDR351W	0.341
YLR377C	0.341
YKR053C	0.341
YHL002W	0.341
YGR164W	0.341
YDR424C	0.341
YBR244W	0.341
YDR370C	0.341
YGR031W	0.341
YBR132C	0.341
YGL033W	0.341
YLR231C	0.341
YLR151C	0.341
YHR045W	0.341
YGL149W	0.341
YDR142C	0.341
YIL010W	0.341
YNL032W	0.341
YKL040C	0.341
YLR017W	0.341
YFR024C-A	0.341
YGR213C	0.341
YHL024W	0.341
YMR088C	0.341
YIL088C	0.341
YDR423C	0.341
YPL130W	0.341
YLL061W	0.341
YGL086W	0.341
YLR375W	0.341
YJR010C-A	0.341
YGL118C	0.341
YMR318C	0.341
YDR459C	0.340
YFR043C	0.340
YGL032C	0.340
YOR338W	0.340
YNL211C	0.340
YNL219C	0.340
YNR045W	0.340
YGR154C	0.340
YMR186W	0.340
YDL227C	0.340
YDR140W	0.340
YMR175W	0.340
YNL127W	0.340
YBR100W	0.340
YML095C	0.340
YLR368W	0.340
YKL092C	0.340
YOL112W	0.340
YLR228C	0.340
YER096W	0.340
YGL034C	0.340
YDL080C	0.340
YLR341W	0.340
YEL004W	0.340
YFR012W	0.340
YER019W	0.340
YLR311C	0.340
YMR086C-A	0.340
YPR063C	0.340
YOR377W	0.340
YNL154C	0.340
YDR310C	0.340
YOL003C	0.340
YBR201W	0.340
YOL032W	0.340
YCR033W	0.340
YOR306C	0.340
YDR265W	0.340
YOR308C	0.340
YLR043C	0.340
YLR361C	0.340
YPL189W	0.340
YGL177W	0.340
YAL027W	0.340
YHR209W	0.340
YLL007C	0.340
YPR122W	0.340
YDR030C	0.340
YFR023W	0.340
YOR222W	0.340
YPL030W	0.340
YDL186W	0.340
YFL051C	0.340
YBR040W	0.340
YJL108C	0.340
YOL126C	0.340
YGL154C	0.340
YOL013C	0.340
YLR262C-A	0.340
YGL242C	0.340
YOR356W	0.340
YAL046C	0.340
YPR130C	0.340
YJL107C	0.340
YCR030C	0.340
YDL184C	0.340
YDR028C	0.340
YGR189C	0.340
YJR126C	0.340
YJR128W	0.340
YGL087C	0.340
YPR031W	0.340
YMR039C	0.340
YOL136C	0.340
YGL157W	0.340
YLL009C	0.340
YDR400W	0.340
YOR003W	0.340
YIL101C	0.340
YDR538W	0.340
YJL112W	0.340
YIL108W	0.340
YJR116W	0.340
YKR061W	0.340
YOR018W	0.340
YMR007W	0.340
YOR342C	0.340
YDR428C	0.340
YMR147W	0.340
YOL106W	0.340
YEL056W	0.340
YKL162C	0.340
YLR193C	0.340
YGR014W	0.340
YDR509W	0.340
YGR275W	0.340
YDL137W	0.340
YKL070W	0.340
YLL062C	0.340
YFL056C	0.340
YOR058C	0.340
YFL004W	0.340
YDR358W	0.340
YMR004W	0.340
YGR244C	0.340
YPL034W	0.340
YDR135C	0.340
YLL026W	0.340
YOR104W	0.340
YBR249C	0.340
YGR242W	0.340
YFL003C	0.340
YMR109W	0.340
YMR237W	0.340
YNR039C	0.340
YOR304W	0.340
YGR289C	0.340
YPL183W-A	0.340
YIL066C	0.340
YOL124C	0.340
YDR511W	0.340
YDL119C	0.340
YNL270C	0.340
YBR276C	0.340
YJR150C	0.340
YLR080W	0.340
YOL132W	0.340
YNR032C-A	0.340
YGL161C	0.340
YMR255W	0.340
YGR271W	0.340
YOR017W	0.340
YDR042C	0.340
YBL078C	0.339
YGR266W	0.339
YNL108C	0.339
YFR014C	0.339
YLR335W	0.339
YHL012W	0.339
YMR115W	0.339
YJL163C	0.339
YFL010W-A	0.339
YCR032W	0.339
YOL053W	0.339
YNL202W	0.339
YJL084C	0.339
YGR282C	0.339
YDL176W	0.339
YCR099C	0.339
YGL219C	0.339
YDL081C	0.339
YOL076W	0.339
YJR133W	0.339
YOR197W	0.339
YIL073C	0.339
YIL086C	0.339
YJL083W	0.339
YBR214W	0.339
YBR209W	0.339
YDR059C	0.339
YNL050C	0.339
YPL264C	0.339
YLR016C	0.339
YPL052W	0.339
YOR365C	0.339
YJL098W	0.339
YDR257C	0.339
YJL089W	0.339
YIL105C	0.339
YOR198C	0.339
YLL057C	0.339
YOR283W	0.339
YOR064C	0.339
YHR032W	0.339
YPL134C	0.339
YMR251W-A	0.339
YHR159W	0.339
YLL056C	0.339
YBL038W	0.339
YMR169C	0.339
YDR117C	0.339
YOL153C	0.339
YJR115W	0.339
YHR157W	0.339
YPL152W	0.339
YOR126C	0.339
YKR021W	0.339
YIL072W	0.339
YMR271C	0.339
YOR154W	0.339
YDL035C	0.339
YDR179W-A	0.339
YLR257W	0.339
YDR032C	0.339
YOR252W	0.339
YJR154W	0.339
YJR127C	0.339
YGL006W	0.339
YPL064C	0.339
YHR210C	0.339
YPR150W	0.339
YJL123C	0.339
YNL335W	0.339
YDR306C	0.339
YGR173W	0.339
YLR188W	0.339
YFR053C	0.339
YAL048C	0.339
YGL146C	0.339
YJR047C	0.339
YKL066W	0.339
YBL075C	0.339
YOR219C	0.339
YEL051W	0.339
YAL024C	0.339
YGL259W	0.339
YML038C	0.339
YBR281C	0.339
YBL070C	0.339
YDR380W	0.339
YJR083C	0.339
YDR137W	0.339
YDL020C	0.339
YLL028W	0.339
YLR050C	0.339
YJR015W	0.339
YEL016C	0.339
YDR146C	0.339
YBR092C	0.339
YDR132C	0.339
YFL063W	0.339
YDR256C	0.339
YPL125W	0.339
YOR382W	0.339
YBR242W	0.339
YER162C	0.339
YJL185C	0.339
YIR016W	0.339
YIL139C	0.339
YMR152W	0.339
YLR396C	0.339
YOR360C	0.339
YML058W	0.339
YKL047W	0.339
YNL264C	0.339
YLR041W	0.339
YKR058W	0.339
YMR234W	0.339
YNL046W	0.339
YDR049W	0.339
YGR288W	0.339
YMR141C	0.339
YGR059W	0.339
YOR138C	0.339
YLR428C	0.339
YDR368W	0.339
YKL010C	0.339
YIL042C	0.339
YNL257C	0.339
YLR432W	0.339
YDR233C	0.339
YGR232W	0.339
YBR077C	0.339
YPL112C	0.338
YMR002W	0.338
YPL109C	0.338
YLR102C	0.338
YOR343C	0.338
YKR067W	0.338
YOL147C	0.338
YOL150C	0.338
YNL175C	0.338
YIL093C	0.338
YDR483W	0.338
YPL241C	0.338
YGL015C	0.338
YDR421W	0.338
YER041W	0.338
YOR032C	0.338
YNL230C	0.338
YGR263C	0.338
YDR384C	0.338
YLL005C	0.338
YNR060W	0.338
YML128C	0.338
YML070W	0.338
YOL138C	0.338
YJR020W	0.338
YBR090C	0.338
YJR107W	0.338
YKL128C	0.338
YER132C	0.338
YFL030W	0.338
YAR028W	0.338
YNL275W	0.338
YER142C	0.338
YDR223W	0.338
YLR273C	0.338
YGR176W	0.338
YGR040W	0.338
YDL206W	0.338
YLR387C	0.338
YGL110C	0.338
YML060W	0.338
YGL200C	0.338
YEL023C	0.338
YOR050C	0.338
YEL045C	0.338
YER039C	0.338
YCL033C	0.338
YMR258C	0.338
YGL138C	0.338
YHR162W	0.338
YDR108W	0.338
YKL097C	0.338
YNL090W	0.338
YKR091W	0.338
YNL089C	0.338
YGL090W	0.338
YDL215C	0.338
YBR144C	0.338
YLR327C	0.338
YPR026W	0.338
YMR156C	0.338
YMR172W	0.338
YDR482C	0.338
YML100W	0.338
YKR106W	0.338
YMR172C-A	0.338
YDR425W	0.338
YJL059W	0.338
YGR239C	0.338
YGL107C	0.338
YMR232W	0.338
YFR008W	0.338
YGR042W	0.338
YLL054C	0.338
YDL057W	0.338
YDR338C	0.338
YBR250W	0.338
YIL117C	0.338
YFR044C	0.338
YCL026C-A	0.338
YMR194C-A	0.338
YBR284W	0.338
YIL138C	0.338
YFL015C	0.338
YER086W	0.338
YOR153W	0.338
YJR135C	0.338
YMR011W	0.338
YJR131W	0.338
YKL221W	0.338
YDR508C	0.338
YBR290W	0.338
YOR022C	0.338
YPL110C	0.338
YIL076W	0.338
YAL049C	0.338
YKL206C	0.338
YDR386W	0.338
YMR158W	0.338
YOR093C	0.338
YPR049C	0.338
YDL179W	0.338
YEL060C	0.338
YMR247C	0.338
YPR073C	0.338
YMR306C-A	0.338
YPL250C	0.338
YDL238C	0.338
YCL055W	0.338
YLR053C	0.338
YBR248C	0.338
YDL183C	0.338
YIL056W	0.338
YMR195W	0.338
YOR363C	0.338
YDR242W	0.338
YCL045C	0.338
YDL210W	0.338
YDR139C	0.338
YDR252W	0.338
YPR185W	0.338
YBR293W	0.338
YPL203W	0.338
YDL231C	0.338
YBR138C	0.338
YML079W	0.338
YAL060W	0.338
YFR038W	0.338
YER079W	0.338
YLR442C	0.338
YIL055C	0.338
YLR149C	0.338
YDR408C	0.338
YPR194C	0.337
YHR046C	0.337
YMR254C	0.337
YMR155W	0.337
YJR030C	0.337
YOR009W	0.337
YCR091W	0.337
YKR064W	0.337
YBR116C	0.337
YOL080C	0.337
YFR041C	0.337
YJL106W	0.337
YJL060W	0.337
YDR125C	0.337
YPR171W	0.337
YGL156W	0.337
YIL161W	0.337
YML012W	0.337
YHR156C	0.337
YER090W	0.337
YGL036W	0.337
YIL002C	0.337
YBR052C	0.337
YKL106W	0.337
YKL177W	0.337
YFR018C	0.337
YLR120C	0.337
YBR117C	0.337
YGR072W	0.337
YLR164W	0.337
YGL121C	0.337
YFR022W	0.337
YDL230W	0.337
YMR243C	0.337
YGR197C	0.337
YER084W	0.337
YLL017W	0.337
YER181C	0.337
YER121W	0.337
YDR410C	0.337
YOR118W	0.337
YKR078W	0.337
YOR044W	0.337
YMR317W	0.337
YFL027C	0.337
YMR171C	0.337
YIL067C	0.337
YDR151C	0.337
YKL093W	0.337
YDR248C	0.337
YDR131C	0.337
YLR444C	0.337
YPL106C	0.337
YNL198C	0.337
YDR326C	0.337
YCL034W	0.337
YNL204C	0.337
YMR042W	0.337
YJR025C	0.337
YDR249C	0.337
YER188W	0.337
YMR008C	0.337
YCL022C	0.337
YHR177W	0.337
YGL051W	0.337
YCL005W	0.337
YER134C	0.337
YHR140W	0.337
YOR229W	0.337
YNL058C	0.337
YDR185C	0.337
YNR062C	0.337
YLR112W	0.337
YHR132W-A	0.337
YBL047C	0.337
YMR107W	0.337
YGR194C	0.337
YHR093W	0.337
YDR124W	0.337
YGL010W	0.337
YDR069C	0.337
YOL037C	0.337
YMR148W	0.337
YBR235W	0.337
YMR204C	0.337
YDL243C	0.337
YLR253W	0.337
YGR219W	0.337
YDR183W	0.337
YMR074C	0.337
YDR193W	0.337
YCR011C	0.337
YLR004C	0.337
YDR259C	0.337
YPL108W	0.337
YOR089C	0.337
YOL054W	0.337
YNL044W	0.337
YER113C	0.337
YDR389W	0.337
YBR150C	0.337
YGL012W	0.337
YBR217W	0.337
YNL205C	0.337
YJR088C	0.337
YKL100C	0.337
YLR171W	0.337
YPL033C	0.337
YAL002W	0.337
YEL067C	0.337
YJL151C	0.337
YGL067W	0.337
YKL005C	0.337
YMR316C-B	0.337
YBL081W	0.337
YNL254C	0.337
YBR277C	0.337
YLL060C	0.337
YEL037C	0.337
YPR078C	0.337
YGL162W	0.337
YLR090W	0.337
YLR146C	0.337
YKL121W	0.337
YPL163C	0.337
YOR258W	0.337
YBR216C	0.337
YOL019W	0.337
YNR072W	0.337
YGR199W	0.336
YPR126C	0.336
YER122C	0.336
YML010C-B	0.336
YNR015W	0.336
YJR075W	0.336
YLR191W	0.336
YFR055W	0.336
YOR302W	0.336
YJL007C	0.336
YOR214C	0.336
YDR430C	0.336
YGL013C	0.336
YER097W	0.336
YOR288C	0.336
YGL007W	0.336
YDR206W	0.336
YOL025W	0.336
YDL027C	0.336
YBR259W	0.336
YGR086C	0.336
YIL095W	0.336
YDR276C	0.336
YLR046C	0.336
YGR152C	0.336
YDR070C	0.336
YDR513W	0.336
YFR006W	0.336
YNL074C	0.336
YMR233W	0.336
YDL079C	0.336
YOL070C	0.336
YLL016W	0.336
YMR119W	0.336
YPR047W	0.336
YPL049C	0.336
YLR251W	0.336
YOR084W	0.336
YAL035W	0.336
YGL050W	0.336
YER047C	0.336
YBR147W	0.336
YPR068C	0.336
YNR069C	0.336
YOR052C	0.336
YBR085W	0.336
YPR106W	0.336
YER098W	0.336
YOR315W	0.336
YDR171W	0.336
YMR310C	0.336
YLR035C	0.336
YMR124W	0.336
YDR318W	0.336
YPL136W	0.336
YMR010W	0.336
YGR018C	0.336
YKL168C	0.336
YPR115W	0.336
YKR088C	0.336
YDR322W	0.336
YML011C	0.336
YHR003C	0.336
YPL046C	0.336
YPL212C	0.336
YJL028W	0.336
YKL068W	0.336
YLR282C	0.336
YBR220C	0.336
YOL029C	0.336
YOR199W	0.336
YJL055W	0.336
YGL115W	0.336
YER035W	0.336
YNL085W	0.336
YBR262C	0.336
YGL109W	0.336
YGL243W	0.336
YGL232W	0.336
YPL176C	0.336
YIL001W	0.336
YLR344W	0.336
YPL018W	0.336
YCL001W	0.336
YIL102C	0.336
YOR134W	0.336
YBR158W	0.336
YBR223C	0.336
YAL004W	0.336
YDL088C	0.336
YMR191W	0.336
YOL101C	0.336
YOL111C	0.336
YBR239C	0.336
YAL012W	0.336
YER051W	0.336
YJL088W	0.336
YLR049C	0.336
YGR276C	0.336
YPL191C	0.336
YDR134C	0.336
YBR219C	0.336
YCR023C	0.336
YIL060W	0.336
YEL050C	0.336
YEL047C	0.336
YJR149W	0.336
YHR131C	0.336
YLR036C	0.336
YPL072W	0.336
YAL019W	0.336
YDR502C	0.336
YDR126W	0.336
YLR098C	0.336
YMR069W	0.336
YNL049C	0.336
YIL054W	0.336
YIL011W	0.336
YLR084C	0.336
YCR027C	0.336
YDR345C	0.336
YPL259C	0.336
YHR008C	0.336
YBR105C	0.336
YDR524C	0.336
YIL039W	0.336
YER007W	0.336
YDR528W	0.336
YGR123C	0.336
YLR165C	0.336
YLR169W	0.336
YDR120C	0.336
YGL060W	0.336
YJL068C	0.335
YEL008W	0.335
YER158C	0.335
YDL170W	0.335
YCR014C	0.335
YDL241W	0.335
YPR052C	0.335
YMR073C	0.335
YPL158C	0.335
YCL042W	0.335
YDR445C	0.335
YMR244C-A	0.335
YOL131W	0.335
YBR264C	0.335
YPR121W	0.335
YER135C	0.335
YER143W	0.335
YLR047C	0.335
YER078C	0.335
YJR078W	0.335
YGR093W	0.335
YBR218C	0.335
YER153C	0.335
YOL151W	0.335
YPL220W	0.335
YPL240C	0.335
YML111W	0.335
YOL091W	0.335
YKR040C	0.335
YOR031W	0.335
YBR094W	0.335
YIL173W	0.335
YPL261C	0.335
YOL162W	0.335
YNL327W	0.335
YBR263W	0.335
YCL027W	0.335
YMR322C	0.335
YDL216C	0.335
YDR169C	0.335
YCR043C	0.335
YOL100W	0.335
YER071C	0.335
YPR124W	0.335
YDL130W-A	0.335
YNR040W	0.335
YOR355W	0.335
YFL034W	0.335
YPL179W	0.335
YHR097C	0.335
YDL233W	0.335
YDR158W	0.335
YER002W	0.335
YBR115C	0.335
YDR075W	0.335
YML059C	0.335
YMR024W	0.335
YER089C	0.335
YDR411C	0.335
YFL042C	0.335
YNL179C	0.335
YAL054C	0.335
YDL131W	0.335
YGR077C	0.335
YDR401W	0.335
YBR222C	0.335
YJL006C	0.335
YOR189W	0.335
YMR206W	0.335
YIL096C	0.335
YGR016W	0.335
YDR229W	0.335
YJR148W	0.335
YNL129W	0.335
YAL008W	0.335
YNL190W	0.335
YDR008C	0.335
YLL015W	0.335
YGR130C	0.335
YAL036C	0.335
YGL081W	0.335
YML074C	0.335
YGL160W	0.335
YDR219C	0.335
YOR007C	0.335
YPL074W	0.335
YLR454W	0.335
YLR351C	0.335
YHR048W	0.335
YJR021C	0.335
YOL044W	0.335
YOR040W	0.335
YCR101C	0.335
YLR415C	0.335
YMR157C	0.335
YDR110W	0.335
YPL195W	0.335
YCL050C	0.335
YGL249W	0.335
YOR092W	0.335
YJR130C	0.335
YLR348C	0.335
YBL086C	0.335
YFR035C	0.335
YMR025W	0.335
YPR064W	0.335
YGR279C	0.335
YJR008W	0.335
YOR012W	0.335
YCL030C	0.335
YNL279W	0.335
YMR040W	0.335
YDR136C	0.335
YGL108C	0.335
YPL113C	0.335
YLR077W	0.335
YCR049C	0.335
YPR114W	0.335
YPR091C	0.335
YNR061C	0.335
YNL136W	0.335
YGR270W	0.335
YNL020C	0.335
YPR050C	0.335
YGR039W	0.335
YAL055W	0.335
YLR032W	0.335
YER032W	0.335
YBR104W	0.335
YMR030W	0.335
YLR426W	0.335
YER066C-A	0.335
YLR179C	0.335
YER091C-A	0.335
YDR422C	0.335
YBR099C	0.335
YOR029W	0.335
YMR017W	0.335
YLR095C	0.335
YCR020C-A	0.335
YPR013C	0.335
YPL119C	0.335
YGL039W	0.335
YDL124W	0.335
YER144C	0.335
YBR283C	0.335
YBL091C-A	0.335
YGL173C	0.335
YCL048W	0.335
YKR033C	0.335
YHR139C	0.335
YLR417W	0.335
YCR020C	0.335
YGR210C	0.335
YER124C	0.335
YPR117W	0.335
YNL034W	0.335
YGL241W	0.335
YLR349W	0.335
YDR202C	0.335
YDR493W	0.335
YPL150W	0.335
YDR263C	0.334
YDR477W	0.334
YJR069C	0.334
YER016W	0.334
YEL054C	0.334
YJL024C	0.334
YNL122C	0.334
YNL145W	0.334
YJL182C	0.334
YIL100W	0.334
YPL088W	0.334
YIR036C	0.334
YMR153C-A	0.334
YPL165C	0.334
YBR241C	0.334
YNL314W	0.334
YOR268C	0.334
YJR106W	0.334
YOR090C	0.334
YOL030W	0.334
YPR149W	0.334
YLR108C	0.334
YER064C	0.334
YOR086C	0.334
YPR020W	0.334
YDR275W	0.334
YDR262W	0.334
YPR156C	0.334
YGL254W	0.334
YER087W	0.334
YLR241W	0.334
YDR515W	0.334
YPL009C	0.334
YNL293W	0.334
YPL103C	0.334
YCR102C	0.334
YHR158C	0.334
YPL135W	0.334
YGR205W	0.334
YMR096W	0.334
YNL157W	0.334
YNL053W	0.334
YEL005C	0.334
YGR025W	0.334
YJL172W	0.334
YMR261C	0.334
YLR205C	0.334
YPL038W	0.334
YIL044C	0.334
YDR270W	0.334
YGR027C	0.334
YJL080C	0.334
YKL084W	0.334
YPR066W	0.334
YHR113W	0.334
YPR127W	0.334
YBR103W	0.334
YLL032C	0.334
YLR380W	0.334
YLR072W	0.334
YMR006C	0.334
YDR314C	0.334
YDL049C	0.334
YIL045W	0.334
YDL167C	0.334
YGL139W	0.334
YOR120W	0.334
YNL318C	0.334
YCR010C	0.334
YLR119W	0.334
YPR111W	0.334
YDR450W	0.334
YHL003C	0.334
YGR089W	0.334
YLR236C	0.334
YLR189C	0.334
YOL160W	0.334
YGL257C	0.334
YPL022W	0.334
YML067C	0.334
YCL057W	0.334
YBR159W	0.334
YGL224C	0.334
YBL107C	0.334
YLL053C	0.334
YNL147W	0.334
YMR326C	0.334
YGL203C	0.334
YGR106C	0.334
YKL160W	0.334
YDL182W	0.334
YGL194C	0.334
YMR065W	0.334
YGL124C	0.334
YMR189W	0.334
YLR001C	0.334
YIL007C	0.334
YDL226C	0.334
YPL258C	0.334
YNL218W	0.334
YLR082C	0.334
YCL064C	0.334
YOR292C	0.334
YOL108C	0.334
YIL160C	0.334
YDR415C	0.334
YDR406W	0.334
YDR321W	0.334
YDR205W	0.334
YCR090C	0.334
YDL242W	0.334
YPL246C	0.334
YOR094W	0.334
YDL051W	0.334
YER137C	0.334
YER149C	0.334
YCL075W	0.334
YOL163W	0.334
YOR196C	0.334
YHR198C	0.334
YBL049W	0.334
YGR148C	0.334
YBR206W	0.334
YBR005W	0.334
YKR060W	0.334
YMR278W	0.334
YCR021C	0.334
YOR091W	0.334
YER176W	0.334
YBR278W	0.334
YKL065C	0.334
YER066W	0.334
YGR234W	0.334
YOR125C	0.334
YDR277C	0.334
YAR015W	0.334
YHR114W	0.334
YKR097W	0.334
YKR032W	0.334
YOR273C	0.334
YIL167W	0.334
YMR082C	0.334
YER027C	0.334
YKR050W	0.333
YDL059C	0.333
YDL225W	0.333
YPL207W	0.333
YML081C-A	0.333
YGL152C	0.333
YLR213C	0.333
YMR054W	0.333
YLR031W	0.333
YEL011W	0.333
YER184C	0.333
YJL073W	0.333
YNL099C	0.333
YMR173W-A	0.333
YKL124W	0.333
YMR183C	0.333
YLR244C	0.333
YJL146W	0.333
YMR252C	0.333
YDR520C	0.333
YLL023C	0.333
YPR079W	0.333
YBR068C	0.333
YGR017W	0.333
YJR010W	0.333
YIL059C	0.333
YNR064C	0.333
YLR224W	0.333
YDR476C	0.333
YHR176W	0.333
YLL001W	0.333
YML107C	0.333
YBR083W	0.333
YDR330W	0.333
YMR291W	0.333
YGR241C	0.333
YEL072W	0.333
YNL237W	0.333
YML042W	0.333
YFL047W	0.333
YLR094C	0.333
YPR154W	0.333
YJL049W	0.333
YKR089C	0.333
YCR004C	0.333
YBR149W	0.333
YGR166W	0.333
YPR061C	0.333
YML083C	0.333
YNR044W	0.333
YLR233C	0.333
YGR240C	0.333
YLR217W	0.333
YLR392C	0.333
YPL137C	0.333
YLR312C	0.333
YOR013W	0.333
YGL228W	0.333
YNL334C	0.333
YKR011C	0.333
YJR014W	0.333
YNL183C	0.333
YMR320W	0.333
YGL166W	0.333
YLR353W	0.333
YGL104C	0.333
YCR007C	0.333
YNL078W	0.333
YOL159C	0.333
YLL047W	0.333
YEL030W	0.333
YKL135C	0.333
YFR009W	0.333
YBL061C	0.333
YMR114C	0.333
YNL155W	0.333
YLR255C	0.333
YDR516C	0.333
YEL006W	0.333
YOL104C	0.333
YHR021W-A	0.333
YGL131C	0.333
YDR112W	0.333
YGR038W	0.333
YLR429W	0.333
YNR004W	0.333
YPL096W	0.333
YDR255C	0.333
YGR287C	0.333
YJL048C	0.333
YJR099W	0.333
YHR138C	0.333
YDR451C	0.333
YER130C	0.333
YMR153W	0.333
YMR026C	0.333
YGR230W	0.333
YDR506C	0.333
YER179W	0.333
YOL114C	0.333
YMR101C	0.333
YDR147W	0.333
YJL030W	0.333
YBR296C	0.333
YMR246W	0.333
YHL030W	0.333
YNR029C	0.333
YDR191W	0.333
YGL037C	0.333
YMR216C	0.333
YMR266W	0.333
YGR110W	0.333
YGR281W	0.333
YDR077W	0.333
YBR221C	0.333
YDR414C	0.333
YLR073C	0.333
YCL038C	0.333
YLL014W	0.332
YBR056W	0.332
YML080W	0.332
YOR337W	0.332
YOL035C	0.332
YIL015C-A	0.332
YKL120W	0.332
YER010C	0.332
YJR073C	0.332
YBR012C	0.332
YER085C	0.332
YJL154C	0.332
YDR085C	0.332
YPR021C	0.332
YLR126C	0.332
YPR065W	0.332
YDR020C	0.332
YOR327C	0.332
YNL268W	0.332
YGR008C	0.332
YPL051W	0.332
YKL063C	0.332
YPL256C	0.332
YDR456W	0.332
YJL036W	0.332
YGR193C	0.332
YGR022C	0.332
YCR105W	0.332
YLR455W	0.332
YDR018C	0.332
YLR300W	0.332
YEL028W	0.332
YLR199C	0.332
YOL109W	0.332
YHR180W	0.332
YPR024W	0.332
YCR037C	0.332
YKL123W	0.332
YGR125W	0.332
YMR279C	0.332
YLR093C	0.332
YGR010W	0.332
YNL274C	0.332
YJR125C	0.332
YGR290W	0.332
YMR185W	0.332
YNL325C	0.332
YML122C	0.332
YNL217W	0.332
YLR034C	0.332
YDL050C	0.332
YCR019W	0.332
YPL170W	0.332
YMR135C	0.332
YOR028C	0.332
YKR076W	0.332
YER128W	0.332
YLL063C	0.332
YMR158C-B	0.332
YIR035C	0.332
YDR453C	0.332
YIL121W	0.332
YOR024W	0.332
YLR059C	0.332
YOL087C	0.332
YGR066C	0.332
YMR119W-A	0.332
YIL047C	0.332
YJL044C	0.332
YDL175C	0.332
YFR011C	0.332
YCL024W	0.332
YIL145C	0.332
YDR066C	0.332
YPR120C	0.332
YOR212W	0.332
YKR090W	0.332
YJL057C	0.332
YPR147C	0.332
YGR196C	0.332
YKR047W	0.332
YOL118C	0.332
YGR084C	0.332
YGL262W	0.332
YDR266C	0.332
YLR366W	0.332
YJL135W	0.332
YGL205W	0.332
YDR436W	0.332
YJL016W	0.332
YLR280C	0.332
YBL015W	0.332
YLR292C	0.332
YEL066W	0.332
YPL194W	0.332
YNL135C	0.332
YNL031C	0.332
YNL101W	0.332
YDR004W	0.332
YOR082C	0.332
YBL102W	0.332
YNL117W	0.332
YCR098C	0.332
YKL075C	0.332
YOR087W	0.332
YPR022C	0.332
YNL092W	0.332
YOR142W	0.332
YKL187C	0.332
YGR286C	0.332
YML096W	0.332
YOL055C	0.332
YNL303W	0.332
YMR259C	0.332
YKL215C	0.332
YKR010C	0.332
YLR269C	0.332
YNL301C	0.332
YBR187W	0.332
YMR284W	0.332
YJL022W	0.332
YNL134C	0.332
YNR071C	0.332
YJR137C	0.332
YLR252W	0.332
YOL042W	0.332
YNL315C	0.332
YLR352W	0.332
YKL136W	0.332
YNL116W	0.332
YER109C	0.331
YDR462W	0.331
YLR279W	0.331
YMR209C	0.331
YMR132C	0.331
YNL005C	0.331
YMR140W	0.331
YHL031C	0.331
YCR008W	0.331
YGR256W	0.331
YDL177C	0.331
YJR145C	0.331
YER040W	0.331
YLR194C	0.331
YAL064C-A	0.331
YDR245W	0.331
YLR326W	0.331
YLL052C	0.331
YLR024C	0.331
YHL020C	0.331
YGL258W	0.331
YGL217C	0.331
YOR298C-A	0.331
YMR316W	0.331
YGR182C	0.331
YCL025C	0.331
YIL070C	0.331
YMR023C	0.331
YLR174W	0.331
YGR203W	0.331
YJL082W	0.331
YJR080C	0.331
YHR014W	0.331
YJR024C	0.331
YJR119C	0.331
YOR376W	0.331
YPR053C	0.331
YLR121C	0.331
YMR136W	0.331
YMR241W	0.331
YPL041C	0.331
YER175C	0.331
YLL051C	0.331
YKR093W	0.331
YHR035W	0.331
YER152C	0.331
YOR021C	0.331
YGL180W	0.331
YBR064W	0.331
YLR299W	0.331
YMR160W	0.331
YKR048C	0.331
YNR067C	0.331
YIL025C	0.331
YOR152C	0.331
YGR223C	0.331
YDL236W	0.331
YMR056C	0.331
YPR040W	0.331
YFR032C	0.331
YER077C	0.331
YPL095C	0.331
YMR276W	0.331
YGL253W	0.331
YPL123C	0.331
YJL038C	0.331
YDR278C	0.331
YNL321W	0.331
YMR021C	0.331
YMR067C	0.331
YPR014C	0.331
YFL028C	0.331
YFL041W	0.331
YPR158W	0.331
YOR039W	0.331
YER092W	0.331
YMR180C	0.331
YDR198C	0.331
YPR166C	0.331
YKL046C	0.331
YBR173C	0.331
YLR288C	0.331
YBL005W	0.331
YDR057W	0.331
YML035C-A	0.331
YAL045C	0.331
YPR015C	0.331
YGL063W	0.331
YNL125C	0.330
YOL099C	0.330
YMR225C	0.330
YDR523C	0.330
YML001W	0.330
YMR031C	0.330
YLR271W	0.330
YBL002W	0.330
YDL188C	0.330
YOR038C	0.330
YMR055C	0.330
YBL003C	0.330
YPR092W	0.330
YNL214W	0.330
YOR345C	0.330
YDR534C	0.330
YBR210W	0.330
YFL046W	0.330
YLR099C	0.330
YDR285W	0.330
YGR019W	0.330
YPR017C	0.330
YMR123W	0.330
YLR040C	0.330
YML055W	0.330
YML056C	0.330
YOL036W	0.330
YKR045C	0.330
YDL066W	0.330
YOR371C	0.330
YPL004C	0.330
YDR525W-A	0.330
YDR352W	0.330
YGL226C-A	0.330
YDR090C	0.330
YKR030W	0.330
YLR083C	0.330
YOR279C	0.330
YAR002W	0.330
YGR080W	0.330
YLR210W	0.330
YGL021W	0.330
YGR015C	0.330
YMR174C	0.330
YNL030W	0.330
YIL122W	0.330
YGR201C	0.330
YMR121C	0.330
YBL058W	0.330
YOR054C	0.330
YKR104W	0.330
YBL010C	0.330
YNL220W	0.330
YPL105C	0.330
YJL043W	0.330
YDR184C	0.330
YLR400W	0.330
YDL240W	0.330
YLR019W	0.330
YGR250C	0.330
YNR059W	0.330
YLR427W	0.330
YML084W	0.330
YML054C	0.330
YKL081W	0.330
YGR284C	0.330
YLR018C	0.330
YDR374C	0.330
YGR283C	0.330
YOL068C	0.330
YGL255W	0.330
YGR129W	0.330
YER046W	0.330
YNL176C	0.330
YLR381W	0.330
YKL071W	0.330
YJL029C	0.330
YNL070W	0.330
YBR199W	0.330
YER139C	0.330
YMR253C	0.330
YFR057W	0.330
YNL259C	0.330
YGL170C	0.330
YHR133C	0.330
YGL132W	0.330
YBR107C	0.330
YAL061W	0.330
YLR354C	0.330
YDR084C	0.329
YOR364W	0.329
YKL157W	0.329
YBR231C	0.329
YLL044W	0.329
YMR192W	0.329
YPR157W	0.329
YML109W	0.329
YKR018C	0.329
YLR356W	0.329
YOR051C	0.329
YMR133W	0.329
YER031C	0.329
YNL319W	0.329
YPL171C	0.329
YDL021W	0.329
YIL166C	0.329
YNL146W	0.329
YJL004C	0.329
YPL092W	0.329
YGL062W	0.329
YIL049W	0.329
YMR242C	0.329
YGL230C	0.329
YOR027W	0.329
YGR007W	0.329
YGR153W	0.329
YDL187C	0.329
YML104C	0.329
YOL007C	0.329
YKL167C	0.329
YOR139C	0.329
YEL014C	0.329
YMR219W	0.329
YFR024C	0.329
YGR183C	0.329
YER150W	0.329
YBR151W	0.329
YOR289W	0.329
YPR071W	0.329
YMR022W	0.329
YLR307W	0.329
YNL142W	0.329
YCL028W	0.329
YDR465C	0.329
YPR090W	0.329
YHR179W	0.329
YOR369C	0.329
YCL023C	0.329
YNL316C	0.329
YHR199C	0.329
YHR153C	0.329
YNR031C	0.329
YNL266W	0.329
YMR071C	0.329
YLR219W	0.329
YGR021W	0.329
YNR012W	0.329
YAR047C	0.329
YNL086W	0.329
YOL119C	0.329
YMR137C	0.329
YBR133C	0.329
YDR273W	0.329
YFL019C	0.329
YHR137W	0.329
YLR025W	0.329
YPL116W	0.329
YFL014W	0.329
YOL028C	0.329
YDR116C	0.329
YCR015C	0.329
YNL094W	0.329
YMR319C	0.329
YPR008W	0.329
YLL024C	0.329
YDR282C	0.329
YFL044C	0.329
YDR051C	0.329
YER114C	0.329
YJL145W	0.329
YMR196W	0.329
YNL255C	0.329
YML050W	0.329
YOL158C	0.329
YML106W	0.329
YDR495C	0.329
YKL151C	0.329
YNL300W	0.329
YPR093C	0.329
YGR144W	0.329
YKR009C	0.329
YGR261C	0.329
YER088C	0.329
YGL220W	0.329
YGR177C	0.329
YLR170C	0.328
YPR155C	0.328
YML071C	0.328
YJL071W	0.328
YEL010W	0.328
YGR233C	0.328
YJR108W	0.328
YER186C	0.328
YOR014W	0.328
YKL053W	0.328
YKR044W	0.328
YBR058C	0.328
YLR460C	0.328
YJL058C	0.328
YGR067C	0.328
YGL105W	0.328
YLL027W	0.328
YMR130W	0.328
YAR020C	0.328
YJR094W-A	0.328
YDL077C	0.328
YHR100C	0.328
YEL057C	0.328
YDL144C	0.328
YMR129W	0.328
YBL096C	0.328
YLR037C	0.328
YMR048W	0.328
YMR138W	0.328
YER185W	0.328
YMR222C	0.328
YLR225C	0.328
YOL057W	0.328
YAL030W	0.328
YML041C	0.328
YBR007C	0.328
YLR281C	0.328
YGL209W	0.328
YHR132C	0.328
YDL200C	0.328
YLR334C	0.328
YDR071C	0.328
YDL089W	0.328
YFR054C	0.328
YKL079W	0.328
YDR391C	0.328
YPR173C	0.328
YOR271C	0.328
YOR025W	0.328
YGL199C	0.328
YJR146W	0.328
YJR147W	0.328
YIL097W	0.328
YKL105C	0.328
YJL137C	0.328
YLR220W	0.328
YHR207C	0.328
YPL035C	0.328
YEL009C	0.328
YAL065C	0.328
YMR031W-A	0.328
YGL229C	0.328
YIL038C	0.328
YGL202W	0.328
YBL024W	0.328
YMR019W	0.328
YLR258W	0.328
YML006C	0.328
YER044C	0.328
YCR017C	0.328
YIL005W	0.328
YFL033C	0.328
YML100W-A	0.328
YKL054C	0.328
YGR043C	0.328
YNL203C	0.328
YML037C	0.328
YER174C	0.328
YLL043W	0.328
YPL107W	0.327
YMR202W	0.327
YDR165W	0.327
YOL043C	0.327
YNR002C	0.327
YHR095W	0.327
YER087C-A	0.327
YGR037C	0.327
YLL055W	0.327
YDR443C	0.327
YPR188C	0.327
YKL129C	0.327
YPR037C	0.327
YIR001C	0.327
YLR386W	0.327
YOR358W	0.327
YDR103W	0.327
YCL056C	0.327
YPL026C	0.327
YMR274C	0.327
YJL132W	0.327
YMR184W	0.327
YOL089C	0.327
YML068W	0.327
YER007C-A	0.327
YGL042C	0.327
YOR366W	0.327
YNL121C	0.327
YDR393W	0.327
YDL219W	0.327
YGR169C	0.327
YNL064C	0.327
YKR041W	0.327
YBL001C	0.327
YBR025C	0.327
YOR175C	0.327
YNR049C	0.327
YKL185W	0.327
YMR199W	0.327
YCR050C	0.327
YJL136C	0.327
YJR117W	0.327
YPL263C	0.327
YPR153W	0.327
YHR155W	0.327
YFR045W	0.327
YML078W	0.327
YER091C	0.327
YGL196W	0.327
YLR266C	0.327
YDR068W	0.327
YLR052W	0.327
YBR113W	0.327
YBL098W	0.327
YER053C	0.327
YDR019C	0.327
YGL101W	0.327
YAL039C	0.327
YAL022C	0.327
YNR033W	0.327
YLR453C	0.327
YOR132W	0.327
YER183C	0.327
YML022W	0.327
YGL222C	0.327
YLR172C	0.327
YIL084C	0.327
YKR016W	0.327
YBR148W	0.327
YHR127W	0.327
YDL046W	0.327
YLL010C	0.327
YDL093W	0.327
YIL027C	0.327
YML048W-A	0.327
YML088W	0.327
YOR068C	0.327
YDR519W	0.327
YBR067C	0.327
YCL040W	0.327
YBR066C	0.326
YMR029C	0.326
YOR069W	0.326
YDR014W	0.326
YHR073W	0.326
YDR452W	0.326
YDR076W	0.326
YHL005C	0.326
YPL157W	0.326
YDR100W	0.326
YKR015C	0.326
YLR367W	0.326
YCL008C	0.326
YHL041W	0.326
YBR260C	0.326
YKL140W	0.326
YEL015W	0.326
YCR106W	0.326
YLR085C	0.326
YFL040W	0.326
YLR128W	0.326
YPL002C	0.326
YLR107W	0.326
YER106W	0.326
YMR294W	0.326
YJL142C	0.326
YPR011C	0.326
YCR016W	0.326
YPR118W	0.326
YML101C	0.326
YFL013C	0.326
YPL098C	0.326
YDL222C	0.326
YHR185C	0.326
YER182W	0.326
YKR099W	0.326
YGL208W	0.326
YDR474C	0.326
YIL028W	0.326
YOL048C	0.326
YLR332W	0.326
YKL074C	0.326
YDR333C	0.326
YJL198W	0.326
YMR060C	0.326
YPL121C	0.326
YBL095W	0.326
YLR434C	0.326
YBL089W	0.326
YOR333C	0.326
YGL064C	0.326
YKR026C	0.326
YLR449W	0.326
YLR308W	0.326
YKL132C	0.326
YML103C	0.326
YLL029W	0.326
YPR125W	0.326
YBR101C	0.326
YGL049C	0.326
YOR300W	0.326
YHR015W	0.326
YOR008C-A	0.326
YEL059W	0.326
YNL324W	0.326
YLR290C	0.326
YDL169C	0.325
YDL136W	0.325
YDR220C	0.325
YDR001C	0.325
YDR072C	0.325
YMR187C	0.325
YPL139C	0.325
YDR540C	0.325
YCL063W	0.325
YKL213C	0.325
YPL081W	0.325
YMR110C	0.325
YDR336W	0.325
YLR343W	0.325
YDR097C	0.325
YNL239W	0.325
YDR048C	0.325
YNL041C	0.325
YJL217W	0.325
YJL186W	0.325
YIL089W	0.325
YML058C-A	0.325
YIL023C	0.325
YGR068C	0.325
YNR020C	0.325
YOR076C	0.325
YGR237C	0.325
YOL016C	0.325
YLR284C	0.325
YLR133W	0.325
YJL051W	0.325
YML020W	0.325
YDR080W	0.325
YLL046C	0.325
YER115C	0.325
YHL010C	0.325
YKL062W	0.325
YPL115C	0.325
YOL049W	0.325
YNL289W	0.325
YBR126C	0.325
YOR140W	0.325
YJL196C	0.325
YBR072W	0.325
YOL013W-A	0.325
YLR209C	0.325
YOR015W	0.325
YMR068W	0.325
YDR479C	0.325
YBR163W	0.325
YDR089W	0.325
YER170W	0.325
YER028C	0.325
YBL009W	0.325
YCL009C	0.325
YDR107C	0.325
YHR154W	0.325
YER004W	0.325
YDR227W	0.325
YGR141W	0.325
YBL016W	0.325
YDL048C	0.325
YDL070W	0.325
YDR007W	0.325
YKL133C	0.325
YKL146W	0.325
YLR136C	0.325
YER173W	0.325
YDL053C	0.325
YAL011W	0.325
YJR134C	0.324
YGR248W	0.324
YOR034C	0.324
YBL022C	0.324
YJR011C	0.324
YGL223C	0.324
YBR233W	0.324
YER178W	0.324
YNL040W	0.324
YLR385C	0.324
YOR350C	0.324
YER101C	0.324
YJR055W	0.324
YLR123C	0.324
YNR047W	0.324
YNL180C	0.324
YJL023C	0.324
YER011W	0.324
YMR102C	0.324
YMR264W	0.324
YKR042W	0.324
YGR126W	0.324
YPL138C	0.324
YPR096C	0.324
YGL165C	0.324
YOL050C	0.324
YHL040C	0.324
YJL037W	0.324
YPL019C	0.324
YDR105C	0.324
YOR131C	0.324
YBR238C	0.324
YGR235C	0.324
YGL026C	0.324
YFR056C	0.324
YML076C	0.324
YPL168W	0.324
YNL016W	0.324
YLR038C	0.324
YIL155C	0.324
YDR467C	0.324
YDR063W	0.324
YPL023C	0.324
YBR051W	0.324
YKR031C	0.324
YIR004W	0.324
YCL039W	0.324
YGL231C	0.324
YHR142W	0.324
YLR446W	0.324
YER069W	0.324
YNR034W	0.324
YMR289W	0.324
YHL026C	0.324
YKL142W	0.324
YLL045C	0.324
YHL039W	0.324
YKR001C	0.324
YLR433C	0.324
YLR092W	0.324
YBR258C	0.324
YMR015C	0.324
YHR018C	0.324
YLR135W	0.324
YCR063W	0.324
YIL164C	0.324
YML062C	0.324
YDL159W	0.324
YNR007C	0.323
YMR272C	0.323
YOL098C	0.323
YDR279W	0.323
YDR521W	0.323
YGR097W	0.323
YGR272C	0.323
YMR063W	0.323
YLR246W	0.323
YLR130C	0.323
YHR012W	0.323
YKL002W	0.323
YLR313C	0.323
YNR009W	0.323
YNL076W	0.323
YFL018C	0.323
YPR074C	0.323
YLR214W	0.323
YML002W	0.323
YKL191W	0.323
YIL112W	0.323
YPL056C	0.323
YMR041C	0.323
YDR492W	0.323
YNL115C	0.323
YDR095C	0.323
YKL118W	0.323
YLR398C	0.323
YGL147C	0.323
YPL089C	0.323
YBR139W	0.323
YLR265C	0.323
YOL110W	0.323
YJL152W	0.323
YJR097W	0.322
YGR127W	0.322
YML108W	0.322
YER054C	0.322
YDR055W	0.322
YDR284C	0.322
YMR111C	0.322
YDL181W	0.322
YDR441C	0.322
YOR036W	0.322
YHR039C	0.322
YIL114C	0.322
YBL059W	0.322
YOR144C	0.322
YPR140W	0.322
YGR170W	0.322
YDR480W	0.322
YER039C-A	0.322
YNL253W	0.322
YIL168W	0.322
YGL227W	0.322
YDL040C	0.322
YLR138W	0.322
YLR324W	0.322
YCR024C-A	0.322
YDR241W	0.322
YKL161C	0.322
YMR075C-A	0.322
YDL076C	0.322
YFR013W	0.322
YPR012W	0.322
YBR069C	0.322
YNL143C	0.322
YGL214W	0.322
YJL120W	0.322
YGL002W	0.322
YKL150W	0.322
YPL065W	0.322
YML027W	0.322
YGR260W	0.322
YNR018W	0.322
YER187W	0.322
YIL156W	0.322
YKR049C	0.322
YLR134W	0.322
YMR177W	0.322
YCL011C	0.322
YGL126W	0.322
YGR134W	0.322
YAL058C-A	0.322
YMR176W	0.322
YER169W	0.322
YDL142C	0.322
YJR118C	0.322
YPL060W	0.322
YPR097W	0.321
YFR034C	0.321
YJR129C	0.321
YBR295W	0.321
YJR053W	0.321
YMR273C	0.321
YDL072C	0.321
YHR077C	0.321
YGR131W	0.321
YMR057C	0.321
YBR172C	0.321
YML099C	0.321
YGL263W	0.321
YFL021W	0.321
YPR189W	0.321
YLR283W	0.321
YGR070W	0.321
YMR075W	0.321
YGR026W	0.321
YCR061W	0.321
YKR084C	0.321
YPL027W	0.321
YDR027C	0.321
YHR104W	0.321
YHR109W	0.321
YLR287C	0.321
YHR136C	0.321
YPR098C	0.321
YDR533C	0.321
YGL127C	0.321
YNL242W	0.321
YKL156W	0.321
YLR445W	0.321
YGL252C	0.321
YJL212C	0.321
YKR043C	0.321
YFR007W	0.321
YBL013W	0.321
YDL001W	0.321
YFL025C	0.321
YIL137C	0.321
YML081W	0.321
YGL210W	0.321
YMR120C	0.321
YJR111C	0.321
YIL020C	0.321
YIL132C	0.321
YNR068C	0.321
YGR258C	0.321
YLR303W	0.320
YPL021W	0.320
YER001W	0.320
YIL024C	0.320
YLR403W	0.320
YDR463W	0.320
YHR082C	0.320
YML047C	0.320
YBR047W	0.320
YGR257C	0.320
YNL104C	0.320
YMR066W	0.320
YHR044C	0.320
YGR092W	0.320
YHR189W	0.320
YDL071C	0.320
YHL042W	0.320
YKR092C	0.320
YGL216W	0.320
YIL074C	0.320
YOR221C	0.320
YHR160C	0.320
YGR249W	0.320
YGL237C	0.320
YML034W	0.320
YNL144C	0.320
YGL133W	0.320
YPR072W	0.320
YGR079W	0.320
YCR059C	0.320
YHR059W	0.320
YOR275C	0.320
YNR014W	0.320
YPR193C	0.319
YPR100W	0.319
YEL001C	0.319
YML090W	0.319
YFR046C	0.319
YNL231C	0.319
YDR149C	0.319
YKL211C	0.319
YBL087C	0.319
YLR437C	0.319
YER080W	0.319
YPR009W	0.319
YEL012W	0.319
YJL161W	0.319
YCR087C-A	0.319
YML016C	0.319
YNL095C	0.319
YML010W-A	0.319
YLR331C	0.319
YJR110W	0.319
YLR452C	0.319
YLR190W	0.319
YHR094C	0.319
YDL189W	0.319
YNL320W	0.319
YNL043C	0.319
YDR067C	0.319
YLR319C	0.319
YMR139W	0.319
YNL066W	0.319
YDR455C	0.319
YHR043C	0.319
YKL085W	0.319
YGL143C	0.319
YLR363C	0.319
YKL139W	0.319
YDR485C	0.319
YMR103C	0.319
YIL014W	0.319
YNL093W	0.319
YHL017W	0.319
YPR051W	0.319
YBR162C	0.319
YIL077C	0.319
YLL041C	0.319
YGR162W	0.318
YIL116W	0.318
YMR283C	0.318
YDR525W	0.318
YJL159W	0.318
YJL046W	0.318
YDR488C	0.318
YHL013C	0.318
YHR005C	0.318
YOR265W	0.318
YOR150W	0.318
YMR285C	0.318
YDR102C	0.318
YGL029W	0.318
YMR036C	0.318
YNR008W	0.318
YKR087C	0.318
YNL028W	0.318
YJL134W	0.318
YNL333W	0.318
YIL079C	0.318
YML032C	0.318
YNL233W	0.318
YLR297W	0.318
YNL296W	0.318
YIR009W	0.318
YBR246W	0.318
YOL023W	0.318
YHR037W	0.318
YCL001W-A	0.318
YOR008C	0.318
YDR157W	0.318
YJR070C	0.318
YML057W	0.318
YBR195C	0.318
YDR094W	0.318
YHR028C	0.318
YKL212W	0.318
YNL004W	0.318
YAL009W	0.318
YDR471W	0.318
YBR057C	0.318
YPR179C	0.318
YGR004W	0.318
YDR092W	0.318
YMR198W	0.318
YLL049W	0.318
YER005W	0.317
YDL158C	0.317
YDL034W	0.317
YKL159C	0.317
YLR394W	0.317
YLR395C	0.317
YBR300C	0.317
YIL036W	0.317
YNL068C	0.317
YNL091W	0.317
YHR135C	0.317
YJL052W	0.317
YLR421C	0.317
YKL222C	0.317
YLR451W	0.317
YLR055C	0.317
YGR124W	0.317
YPR197C	0.317
YNL080C	0.317
YJL131C	0.317
YPR195C	0.317
YDR439W	0.317
YMR154C	0.317
YPL066W	0.317
YBR291C	0.317
YLR232W	0.317
YLR006C	0.317
YBR037C	0.317
YFR010W	0.317
YHL044W	0.317
YNL168C	0.317
YGR003W	0.317
YGR273C	0.317
YDR317W	0.317
YDR541C	0.317
YER119C	0.317
YHR112C	0.317
YFL006W	0.317
YGR117C	0.317
YBR161W	0.316
YMR275C	0.316
YJL165C	0.316
YIL098C	0.316
YGR061C	0.316
YMR224C	0.316
YCR068W	0.316
YCR036W	0.316
YBR179C	0.316
YIL141W	0.316
YDR392W	0.316
YBR106W	0.316
YPR191W	0.316
YHR123W	0.316
YER118C	0.316
YLR296W	0.316
YAL020C	0.316
YDR283C	0.316
YLR285W	0.316
YJL047C	0.316
YNL283C	0.316
YNR013C	0.316
YMR193C-A	0.316
YOR006C	0.316
YGL084C	0.316
YPL245W	0.316
YFR048W	0.315
YDL012C	0.315
YLR374C	0.315
YLR372W	0.315
YHR126C	0.315
YPR084W	0.315
YJL150W	0.315
YHR031C	0.315
YER042W	0.315
YJL193W	0.315
YDR447C	0.315
YER123W	0.315
YDR403W	0.315
YGL226W	0.315
YDL094C	0.315
YNR048W	0.315
YGL163C	0.315
YER095W	0.315
YOL071W	0.315
YER063W	0.315
YML124C	0.315
YDR522C	0.315
YJL218W	0.315
YOL088C	0.315
YLR286C	0.315
YIL103W	0.315
YLR183C	0.315
YNL077W	0.315
YBR129C	0.315
YKR057W	0.315
YER120W	0.315
YBR141C	0.315
YBL012C	0.315
YBR108W	0.315
YPL181W	0.315
YHR193C	0.315
YJR092W	0.315
YGR247W	0.314
YHR184W	0.314
YDR225W	0.314
YPR145W	0.314
YJL158C	0.314
YMR201C	0.314
YPR172W	0.314
YGR112W	0.314
YNL228W	0.314
YER119C-A	0.314
YLR306W	0.314
YER024W	0.314
YNR025C	0.314
YOR234C	0.314
YJR077C	0.314
YBR171W	0.314
YHL022C	0.314
YNL292W	0.314
YER156C	0.314
YKL131W	0.314
YBR298C	0.314
YML075C	0.314
YMR100W	0.314
YDR065W	0.314
YOR123C	0.314
YNL298W	0.314
YHR067W	0.314
YNR063W	0.314
YDR099W	0.314
YNL295W	0.314
YNL015W	0.314
YBR230C	0.314
YDL168W	0.313
YMR167W	0.313
YPL182C	0.313
YLR346C	0.313
YKL220C	0.313
YOR269W	0.313
YDR484W	0.313
YGL031C	0.313
YFR039C	0.313
YML097C	0.313
YHR134W	0.313
YMR034C	0.313
YML087C	0.313
YOR167C	0.313
YJL144W	0.313
YKL216W	0.313
YKL056C	0.313
YGR255C	0.313
YJL128C	0.313
YER103W	0.313
YLR200W	0.313
YNL052W	0.313
YNL249C	0.313
YDR466W	0.313
YGR033C	0.312
YCR046C	0.312
YLL002W	0.312
YPL091W	0.312
YBL011W	0.312
YKL214C	0.312
YDR271C	0.312
YLR425W	0.312
YDR378C	0.312
YOR033C	0.312
YBR165W	0.312
YCL029C	0.312
YGR023W	0.312
YFL013W-A	0.312
YNL195C	0.312
YHR041C	0.312
YBR245C	0.312
YCR009C	0.312
YLR373C	0.312
YBL053W	0.312
YMR078C	0.312
YML021C	0.312
YLR142W	0.312
YKR085C	0.312
YDL068W	0.312
YPR095C	0.312
YML102W	0.311
YKL053C-A	0.311
YLR021W	0.311
YDR481C	0.311
YGL136C	0.311
YBR006W	0.311
YMR265C	0.311
YPR152C	0.311
YER180C	0.311
YLR447C	0.311
YJL062W	0.311
YDL073W	0.311
YOR043W	0.311
YBR001C	0.311
YKL126W	0.311
YDR458C	0.311
YFR033C	0.311
YER052C	0.311
YLR261C	0.311
YDL133C-A	0.311
YNL055C	0.311
YOR080W	0.311
YJL215C	0.310
YLR221C	0.310
YHR108W	0.310
YLR431C	0.310
YGL054C	0.310
YLR262C	0.310
YIL158W	0.310
YPL239W	0.310
YMR307W	0.310
YGL045W	0.310
YHL014C	0.310
YFR049W	0.310
YOR238W	0.310
YLR422W	0.310
YMR126C	0.310
YFR047C	0.310
YHL016C	0.310
YER145C	0.310
YDL180W	0.310
YCR087W	0.310
YNL035C	0.310
YJL101C	0.310
YOR030W	0.310
YNR051C	0.310
YNL130C	0.310
YAR018C	0.310
YOR184W	0.309
YNL065W	0.309
YKR020W	0.309
YDR073W	0.309
YBR028C	0.309
YAL007C	0.309
YBR050C	0.309
YBL042C	0.309
YBR021W	0.309
YNL226W	0.309
YML102C-A	0.309
YKR005C	0.309
YPL178W	0.309
YNR001C	0.309
YOL113W	0.309
YNL329C	0.309
YMR194W	0.309
YCR031C	0.309
YNL297C	0.309
YPR087W	0.309
YNL305C	0.308
YHL029C	0.308
YBR120C	0.308
YIL053W	0.308
YBR170C	0.308
YBR164C	0.308
YJL147C	0.308
YNL013C	0.308
YOL116W	0.308
YAL034C	0.308
YBR010W	0.308
YDL191W	0.308
YGR055W	0.308
YJR104C	0.308
YPR201W	0.308
YLR342W	0.308
YDL067C	0.308
YMR182C	0.308
YDR269C	0.308
YPR164W	0.308
YIL125W	0.307
YOR070C	0.307
YNL265C	0.307
YPL104W	0.307
YLR325C	0.307
YJL133W	0.307
YDR332W	0.307
YBR053C	0.307
YNL057W	0.307
YMR135W-A	0.307
YDR006C	0.307
YPL084W	0.307
YNL107W	0.307
YNL213C	0.307
YGR041W	0.307
YDL022W	0.307
YPR148C	0.307
YDR347W	0.307
YER037W	0.307
YGL046W	0.306
YLR357W	0.306
YGR204W	0.306
YJR018W	0.306
YNL326C	0.306
YBR062C	0.306
YBL062W	0.306
YIR023W	0.306
YCR045C	0.306
YHR116W	0.306
YKR101W	0.306
YHR110W	0.306
YPL078C	0.306
YBL103C	0.306
YBR034C	0.306
YGR187C	0.306
YBR215W	0.306
YHR115C	0.306
YOL039W	0.306
YBR282W	0.306
YMR188C	0.306
YKR013W	0.306
YLR370C	0.305
YBR292C	0.305
YPR060C	0.305
YDL114W	0.305
YNL291C	0.305
YIL029C	0.305
YGL221C	0.305
YOR177C	0.305
YIR033W	0.305
YKL038W	0.305
YDR083W	0.305
YNL288W	0.305
YPR076W	0.305
YNL241C	0.305
YNL100W	0.305
YHR167W	0.305
YML053C	0.305
YMR223W	0.305
YNL191W	0.305
YCR002C	0.305
YGL148W	0.305
YIL009W	0.304
YML052W	0.304
YDR512C	0.304
YFR031C-A	0.304
YOR309C	0.304
YGR057C	0.304
YMR193W	0.304
YJR113C	0.304
YNL330C	0.304
YLR180W	0.304
YDL002C	0.304
YKL205W	0.303
YGL095C	0.303
YMR228W	0.303
YBR063C	0.303
YGL019W	0.303
YHL009C	0.303
YHR022C	0.303
YHR168W	0.303
YDL052C	0.303
YMR116C	0.303
YMR304W	0.303
YER141W	0.303
YIL087C	0.303
YOR127W	0.303
YNL071W	0.303
YPL040C	0.303
YDR078C	0.303
YJR140C	0.303
YOR128C	0.302
YNL141W	0.302
YDL099W	0.302
YDL090C	0.302
YIL065C	0.302
YDL042C	0.302
YGL212W	0.302
YHR182W	0.302
YER072W	0.302
YHR013C	0.302
YNL322C	0.302
YIL015W	0.302
YLR438W	0.302
YNL299W	0.302
YMR091C	0.302
YLR338W	0.301
YGR081C	0.301
YDR010C	0.301
YKL032C	0.301
YLR235C	0.301
YGL003C	0.301
YML082W	0.301
YJL096W	0.301
YDL133W	0.301
YGL072C	0.301
YPR134W	0.300
YOL072W	0.300
YHR125W	0.300
YJR040W	0.300
YOR078W	0.300
YGR035C	0.300
YPR036W	0.300
YDL117W	0.300
YHL036W	0.300
YHR009C	0.300
YNL072W	0.300
YDR204W	0.300
YML026C	0.300
YPL215W	0.300
YDL033C	0.300
YGR078C	0.300
YER057C	0.300
YCL035C	0.300
YBR084W	0.299
YPL193W	0.299
YEL046C	0.299
YNR050C	0.299
YLR264W	0.299
YPL183C	0.299
YHL043W	0.299
YKL072W	0.299
YIL016W	0.299
YBR266C	0.299
YKL169C	0.299
YLR439W	0.299
YDR128W	0.299
YHL008C	0.299
YHL032C	0.299
YLL042C	0.298
YGL020C	0.298
YJL121C	0.298
YDL190C	0.298
YGR228W	0.298
YMR238W	0.298
YHR081W	0.298
YDL091C	0.298
YER081W	0.298
YDR159W	0.297
YPL174C	0.297
YBR009C	0.297
YKL178C	0.297
YNL011C	0.297
YNL294C	0.297
YBR168W	0.297
YCR026C	0.297
YGR174C	0.297
YAL021C	0.297
YPL047W	0.297
YKL138C	0.297
YIL069C	0.297
YGL080W	0.297
YOL008W	0.297
YGL078C	0.297
YLR268W	0.297
YLR237W	0.296
YDL032W	0.296
YGR178C	0.296
YIL146C	0.296
YLR014C	0.296
YKR006C	0.296
YCR051W	0.296
YJL095W	0.296
YML095C-A	0.296
YNL252C	0.296
YGR118W	0.296
YPR075C	0.296
YCR024C	0.296
YNL197C	0.296
YNR037C	0.296
YPL144W	0.296
YNL227C	0.296
YHL034C	0.296
YCR071C	0.295
YLR309C	0.295
YDL056W	0.295
YKL116C	0.295
YHL019C	0.295
YDL044C	0.295
YMR035W	0.295
YMR038C	0.295
YGL213C	0.295
YEL071W	0.295
YNL286W	0.295
YJL157C	0.295
YJL187C	0.295
YIL162W	0.295
YHR121W	0.294
YLR350W	0.294
YPL226W	0.294
YPR018W	0.294
YIL165C	0.294
YDR025W	0.294
YLR131C	0.294
YDR101C	0.294
YER074W	0.294
YMR282C	0.294
YMR150C	0.294
YJL213W	0.294
YPL184C	0.294
YDL045W-A	0.294
YDL041W	0.293
YMR077C	0.293
YDL039C	0.293
YKL204W	0.293
YLR113W	0.293
YOL052C	0.293
YLR418C	0.293
YLR441C	0.293
YDR161W	0.293
YLR234W	0.293
YPL262W	0.293
YPL205C	0.293
YHL045W	0.293
YBR095C	0.293
YGL174W	0.292
YGL025C	0.292
YKL003C	0.292
YDR323C	0.292
YDR491C	0.292
YLR218C	0.292
YLR069C	0.292
YHR006W	0.292
YLR393W	0.292
YNL082W	0.292
YOR359W	0.292
YKL109W	0.292
YNL148C	0.292
YOL004W	0.292
YPL132W	0.291
YLR074C	0.291
YLR027C	0.291
YER164W	0.291
YBR162W-A	0.291
YDR024W	0.291
YOR073W	0.291
YPR163C	0.291
YGR085C	0.291
YDL107W	0.291
YBR166C	0.291
YDR237W	0.291
YDR418W	0.290
YHR129C	0.290
YBR267W	0.290
YPL029W	0.290
YDL115C	0.290
YDR264C	0.290
YML110C	0.290
YLR406C	0.290
YJL115W	0.290
YNL206C	0.289
YFR032C-A	0.289
YHR064C	0.289
YIL018W	0.289
YEL036C	0.289
YMR257C	0.289
YDR174W	0.289
YPL118W	0.289
YOL027C	0.289
YLR260W	0.289
YBL080C	0.289
YIR005W	0.289
YMR064W	0.288
YNL140C	0.288
YKL087C	0.288
YOR290C	0.288
YPR101W	0.288
YPL024W	0.288
YPR135W	0.288
YJL184W	0.288
YLR436C	0.288
YLR315W	0.288
YOR182C	0.288
YLR287C-A	0.288
YLR304C	0.288
YOL095C	0.288
YAR003W	0.288
YBL057C	0.287
YBL082C	0.287
YPL188W	0.287
YOR274W	0.287
YOL012C	0.287
YER110C	0.287
YHR004C	0.287
YNL067W	0.287
YNL059C	0.287
YCL007C	0.287
YGL027C	0.287
YMR098C	0.287
YIL017C	0.286
YOR065W	0.286
YHR038W	0.286
YJL155C	0.286
YDR363W	0.286
YDR150W	0.286
YEL053C	0.286
YJR144W	0.286
YKL149C	0.286
YGR243W	0.286
YDR315C	0.286
YBL008W	0.285
YJL003W	0.285
YMR286W	0.285
YGR259C	0.285
YER131W	0.285
YDR335W	0.285
YKL113C	0.285
YML086C	0.285
YDR470C	0.284
YHR117W	0.284
YNL199C	0.284
YHR124W	0.284
YOL006C	0.284
YKL194C	0.284
YPR067W	0.284
YDL062W	0.284
YOR155C	0.284
YFR040W	0.283
YNR041C	0.283
YGL250W	0.283
YPL102C	0.283
YJL102W	0.283
YLR410W	0.283
YGR157W	0.283
YCR028C-A	0.283
YHR001W-A	0.283
YMR072W	0.283
YLR420W	0.283
YDR469W	0.283
YIL133C	0.282
YOR035C	0.282
YNL243W	0.282
YDL095W	0.282
YMR263W	0.282
YOR136W	0.282
YLR270W	0.282
YDR500C	0.282
YPR069C	0.282
YMR312W	0.282
YDR337W	0.281
YKL037W	0.281
YHR025W	0.281
YBL051C	0.281
YLR312W-A	0.281
YHR011W	0.281
YPR141C	0.281
YDR079W	0.281
YOL148C	0.281
YOR305W	0.281
YKL170W	0.281
YLR067C	0.281
YML014W	0.281
YLR148W	0.281
YJR121W	0.281
YDR005C	0.280
YBR003W	0.280
YML129C	0.280
YIL052C	0.280
YPR159W	0.280
YHR033W	0.280
YNL079C	0.280
YIL148W	0.279
YHR120W	0.279
YOR209C	0.279
YNL081C	0.279
YPL271W	0.279
YKL176C	0.279
YNL073W	0.279
YER017C	0.279
YHR103W	0.279
YKL184W	0.279
YCR044C	0.279
YKL016C	0.278
YJR122W	0.278
YOR096W	0.278
YLL018C-A	0.278
YOL041C	0.277
YDL173W	0.277
YHL011C	0.277
YMR231W	0.277
YOL046C	0.277
YOL090W	0.277
YBR039W	0.277
YBR268W	0.276
YJL140W	0.276
YDL082W	0.276
YPL086C	0.276
YNL215W	0.276
YMR287C	0.276
YDR175C	0.276
YDR194C	0.276
YKR052C	0.276
YGR135W	0.276
YBR146W	0.276
YIL008W	0.275
YDL194W	0.275
YNL120C	0.275
YER117W	0.275
YLR182W	0.275
YJR139C	0.275
YJL063C	0.275
YLR062C	0.275
YLR384C	0.275
YGR180C	0.275
YBR174C	0.275
YJL129C	0.274
YLR150W	0.274
YGL211W	0.273
YDL063C	0.273
YDR162C	0.273
YLR388W	0.273
YHR200W	0.273
YOR235W	0.273
YBR175W	0.273
YMR097C	0.273
YMR032W	0.273
YNL097C	0.273
YKL127W	0.273
YDR363W-A	0.273
YDR496C	0.273
YKL148C	0.273
YOL033W	0.273
YER154W	0.272
YGL088W	0.272
YBL099W	0.272
YPR057W	0.272
YDL151C	0.272
YOR158W	0.272
YOR322C	0.272
YJL208C	0.272
YOL045W	0.271
YGL215W	0.271
YOR135C	0.271
YBL100C	0.271
YGR171C	0.271
YGL016W	0.271
YDR529C	0.271
YOR375C	0.270
YHR066W	0.270
YER034W	0.270
YHL038C	0.270
YJL209W	0.270
YCR003W	0.270
YIL124W	0.270
YLR070C	0.270
YNL051W	0.270
YLR322W	0.269
YCR094W	0.269
YBR251W	0.269
YML061C	0.269
YJL139C	0.269
YML035C	0.268
YLR125W	0.268
YNL037C	0.268
YML024W	0.268
YOR330C	0.268
YOR323C	0.268
YPR099C	0.268
YLR091W	0.268
YEL061C	0.268
YGR229C	0.267
YIL110W	0.267
YLR079W	0.266
YMR143W	0.266
YHR130C	0.266
YPL055C	0.266
YOR001W	0.266
YLR203C	0.265
YBL027W	0.265
YBR191W	0.265
YOL096C	0.265
YDL172C	0.265
YLR294C	0.265
YMR205C	0.265
YHL007C	0.265
YNL212W	0.265
YOL083W	0.264
YKL001C	0.264
YGR150C	0.264
YPL101W	0.264
YKL057C	0.264
YNL248C	0.264
YCL037C	0.264
YPR116W	0.263
YHL033C	0.263
YGR214W	0.263
YBL046W	0.263
YBR084C-A	0.263
YHR091C	0.263
YLR015W	0.263
YBR181C	0.263
YJL177W	0.263
YER065C	0.262
YJL148W	0.262
YML013C-A	0.262
YOR251C	0.262
YER155C	0.262
YOR331C	0.262
YLR144C	0.261
YJL190C	0.261
YDL160C	0.261
YBL071C	0.261
YDL005C	0.260
YDL232W	0.260
YHR111W	0.260
YDR417C	0.260
YGL167C	0.260
YOR026W	0.260
YDR432W	0.260
YLR358C	0.260
YDR207C	0.260
YDR289C	0.259
YKR074W	0.259
YGL023C	0.259
YJL124C	0.258
YGR062C	0.258
YDR074W	0.258
YNL138W	0.258
YGL017W	0.258
YNL229C	0.257
YLR201C	0.257
YER067W	0.257
YMR142C	0.257
YPL080C	0.256
YIL157C	0.256
YER151C	0.256
YKL110C	0.256
YMR256C	0.256
YLR337C	0.256
YFL032W	0.256
YEL029C	0.256
YMR267W	0.255
YLR139C	0.255
YJL180C	0.255
YGL244W	0.255
YCL058C	0.255
YBR081C	0.255
YJR063W	0.255
YDR433W	0.255
YGL168W	0.255
YPL079W	0.254
YDL083C	0.254
YOR187W	0.254
YGR200C	0.254
YEL065W	0.254
YLL033W	0.254
YMR052C-A	0.253
YJR105W	0.253
YFL001W	0.253
YGR215W	0.253
YDR375C	0.252
YPL254W	0.252
YOR332W	0.251
YDR532C	0.251
YDR230W	0.250
YLR089C	0.250
YPL090C	0.250
YDL074C	0.250
YLR320W	0.249
YML115C	0.249
YJR074W	0.249
YLR448W	0.248
YGR167W	0.248
YMR179W	0.248
YLR192C	0.248
YPL180W	0.247
YLR399C	0.247
YEL068C	0.247
YDL192W	0.246
YNL307C	0.246
YGR285C	0.246
YCR086W	0.246
YEL003W	0.246
YNL069C	0.246
YGR036C	0.246
YNL119W	0.245
YLR423C	0.245
YML121W	0.245
YJR032W	0.245
YHR021C	0.244
YOR141C	0.244
YMR037C	0.244
YBL045C	0.244
YDR382W	0.244
YBR071W	0.243
YNR052C	0.243
YNL177C	0.243
YGL014W	0.240
YBL072C	0.240
YLR185W	0.240
YLR068W	0.239
YLR369W	0.239
YDR156W	0.238
YOR295W	0.237
YLR184W	0.237
YDR431W	0.237
YDR197W	0.236
YLR204W	0.236
YJR060W	0.235
YFL023W	0.235
YLR295C	0.235
YHR060W	0.234
YOL051W	0.234
YHR147C	0.233
YOR241W	0.233
YGR188C	0.233
YNL139C	0.232
YPL097W	0.231
YDL118W	0.231
YDR017C	0.231
YDL116W	0.231
YBL079W	0.230
YGL076C	0.230
YHR030C	0.230
YBR156C	0.230
YGR076C	0.230
YBR189W	0.230
YPL268W	0.230
YLR048W	0.230
YPR139C	0.229
YGR102C	0.228
YNL133C	0.228
YKR082W	0.227
YGL038C	0.226
YGR056W	0.226
YJL075C	0.225
YML036W	0.224
YLL006W	0.223
YCL010C	0.223
YDR114C	0.223
YAL047C	0.223
YBR097W	0.223
YBR130C	0.223
YFL016C	0.222
YOL115W	0.222
YGL246C	0.221
YNL302C	0.221
YGR159C	0.221
YKL155C	0.221
YFR001W	0.221
YHR079C	0.220
YBL093C	0.220
YMR014W	0.220
YGL058W	0.219
YJL176C	0.218
YPL173W	0.218
YDL006W	0.217
YER177W	0.217
YIR026C	0.217
YEL044W	0.217
YKR024C	0.217
YJL189W	0.215
YDL075W	0.214
YDL047W	0.213
YPR131C	0.212
YHR029C	0.211
YDR290W	0.211
YKL143W	0.211
YOL086C	0.210
YBR119W	0.209
YBR279W	0.209
YGR160W	0.208
YGL240W	0.208
YGR252W	0.206
YGL206C	0.205
YKL080W	0.205
YHR183W	0.205
YBR289W	0.204
YNR023W	0.203
YKL119C	0.203
YGR155W	0.200
YGL071W	0.199
YGR105W	0.198
YDR138W	0.197
YDR377W	0.196
YBR127C	0.195
YDR173C	0.194
YER068W	0.193
YGR262C	0.193
YLR114C	0.192
YKL114C	0.191
YGL135W	0.190
YDR226W	0.190
YJL127C	0.189
YOR211C	0.181
YGR238C	0.178
YCR053W	0.177
YNL225C	0.173
YPL213W	0.173
YGL066W	0.169
YDL185W	0.169
YLR242C	0.163
YJL056C	0.161
YGR020C	0.160
YLR240W	0.159
YDR195W	0.159
YMR105C	0.156
YJL188C	0.155
YMR070W	0.154
YBR035C	0.152
YGL070C	0.148
YPR043W	0.146
YDR176W	0.144
YHL025W	0.140
YDR115W	0.134
YJL175W	0.128
YPL031C	0.128
YPL129W	0.124
YER056C-A	0.116
YCR028C	0.113
YDR127W	0.109
YDR300C	0.098
YBR018C	0.096
YER058W	0.087
YOL143C	0.036
YBR019C	0.023
